particulars,posting_date,cost_center,voucher_type,debit,credit,net_balance
Opening Balance,,,,,,0
Being Payment Gateway Charges Debited -X,2017-06-28,NSE-EQ - Z,Journal Entry,10.35,0,-10.35
Settlement Value for 2017121,2017-06-28,NSE-EQ - Z,Book Voucher,12030.648,0,-12040.998
Being amount received fromclient through NEST Payment Gatewa,2017-06-28,NSE-EQ - Z,Bank Receipts,0,14000,1959.002
Settlement Value for 2017122,2017-06-29,NSE-EQ - Z,Book Voucher,352.546,0,1606.456
Settlement Value for 1718062,2017-06-29,BSE-EQ - Z,Book Voucher,1370.745,0,235.711
Settlement Value for 2017123,2017-06-30,NSE-EQ - Z,Book Voucher,0,2418.166,2653.877
Settlement Value for 2017124,2017-07-03,NSE-EQ - Z,Book Voucher,1684.711,0,969.166
Settlement Value for 1718064,2017-07-03,BSE-EQ - Z,Book Voucher,968.615,0,0.551
DP Charges for 03/07/2017,2017-07-03,NSE-EQ - Z,Journal Entry,15.93,0,-15.379
DP Charges for 04/07/2017,2017-07-04,NSE-EQ - Z,Journal Entry,15.93,0,-31.309
Settlement Value for 2017126,2017-07-05,NSE-EQ - Z,Book Voucher,1994.461,0,-2025.77
Being amount received fromclientIGABPEELB6 through NEST Payment Gatewa,2017-07-05,NSE-EQ - Z,Bank Receipts,0,2000,-25.77
Being amount received fromclientIGABPECQI4 through NEST Payment Gatewa,2017-07-05,NSE-EQ - Z,Bank Receipts,0,2000,1974.23
Settlement Value for 1718066,2017-07-05,BSE-EQ - Z,Book Voucher,0,622.019,2596.249
Being Payment Gateway Charges Debited -X,2017-07-05,NSE-EQ - Z,Journal Entry,10.62,0,2585.629
Being Payment Gateway Charges Debited -X,2017-07-05,NSE-EQ - Z,Journal Entry,10.62,0,2575.009
Settlement Value for 2017127,2017-07-06,NSE-EQ - Z,Book Voucher,2376.501,0,198.508
Settlement Value for 1718067,2017-07-06,BSE-EQ - Z,Book Voucher,214.278,0,-15.77
DP Charges for 06/07/2017,2017-07-06,BSE-EQ - Z,Journal Entry,15.93,0,-31.7
Being Payment Gateway Charges Debited -X,2017-07-07,NSE-EQ - Z,Journal Entry,10.62,0,-42.32
Being amount received fromclientIGABPMOZE7 through NEST Payment Gatewa,2017-07-07,NSE-EQ - Z,Bank Receipts,0,1500,1457.68
Settlement Value for 2017128,2017-07-07,NSE-EQ - Z,Book Voucher,1354.399,0,103.281
Settlement Value for 2017129,2017-07-10,NSE-EQ - Z,Book Voucher,43.623,0,59.658
Settlement Value for 1718069,2017-07-10,BSE-EQ - Z,Book Voucher,0,144.281,203.939
Being Payment Gateway Charges Debited -X,2017-07-10,NSE-EQ - Z,Journal Entry,10.62,0,193.319
Being amount received fromclientIGABQAZOV9 through NEST Payment Gatewa,2017-07-10,NSE-EQ - Z,Bank Receipts,0,2300,2493.319
Settlement Value for 2017130,2017-07-11,NSE-EQ - Z,Book Voucher,2483.563,0,9.756
DP Charges for 11/07/2017,2017-07-11,BSE-EQ - Z,Journal Entry,15.93,0,-6.174
Settlement Value for 2017131,2017-07-12,NSE-EQ - Z,Book Voucher,0,50.89,44.716
DP Charges for 12/07/2017,2017-07-12,NSE-EQ - Z,Journal Entry,15.93,0,28.786
Settlement Value for 2017132,2017-07-13,NSE-EQ - Z,Book Voucher,37.394,0,-8.608
DP Charges for 13/07/2017,2017-07-13,NSE-EQ - Z,Journal Entry,15.93,0,-24.538
DP Charges for 14/07/2017,2017-07-14,NSE-EQ - Z,Journal Entry,15.93,0,-40.468
Settlement Value for 2017134,2017-07-17,NSE-EQ - Z,Book Voucher,0,95.723,55.255
Settlement Value for 2017135,2017-07-18,NSE-EQ - Z,Book Voucher,982.718,0,-927.463
Being amount received fromclientIGABRDIZP1 through NEST Payment Gatewa,2017-07-18,NSE-EQ - Z,Bank Receipts,0,1000,72.537
Settlement Value for 1718075,2017-07-18,BSE-EQ - Z,Book Voucher,0,390.883,463.42
Being Payment Gateway Charges Debited -X,2017-07-18,NSE-EQ - Z,Journal Entry,10.62,0,452.8
DP Charges for 18/07/2017,2017-07-18,NSE-EQ - Z,Journal Entry,15.93,0,436.87
Settlement Value for 2017136,2017-07-19,NSE-EQ - Z,Book Voucher,264.267,0,172.603
Settlement Value for 1718076,2017-07-19,BSE-EQ - Z,Book Voucher,0,196.096,368.699
DP Charges for 19/07/2017,2017-07-19,BSE-EQ - Z,Journal Entry,15.93,0,352.769
DP Charges for 19/07/2017,2017-07-19,NSE-EQ - Z,Journal Entry,15.93,0,336.839
DP Charges for 19/07/2017,2017-07-19,NSE-EQ - Z,Journal Entry,31.86,0,304.979
DP Charges for 20/07/2017,2017-07-20,NSE-EQ - Z,Journal Entry,15.93,0,289.049
DP Charges for 20/07/2017,2017-07-20,BSE-EQ - Z,Journal Entry,15.93,0,273.119
Settlement Value for 1718077,2017-07-20,BSE-EQ - Z,Book Voucher,0,786.36,1059.479
Settlement Value for 2017137,2017-07-20,NSE-EQ - Z,Book Voucher,333.344,0,726.135
Settlement Value for 2017138,2017-07-21,NSE-EQ - Z,Book Voucher,736.161,0,-10.026
DP Charges for 21/07/2017,2017-07-21,BSE-EQ - Z,Journal Entry,15.93,0,-25.956
Settlement Value for 2017139,2017-07-24,NSE-EQ - Z,Book Voucher,0,9.028,-16.928
Settlement Value for 1718079,2017-07-24,BSE-EQ - Z,Book Voucher,3.341,0,-20.269
Settlement Value for 2017140,2017-07-25,NSE-EQ - Z,Book Voucher,0,32.131,11.862
DP Charges for 25/07/2017,2017-07-25,NSE-EQ - Z,Journal Entry,15.93,0,-4.068
Settlement Value for 2017141,2017-07-26,NSE-EQ - Z,Book Voucher,0,199.378,195.31
DP Charges for 26/07/2017,2017-07-26,NSE-EQ - Z,Journal Entry,15.93,0,179.38
Settlement Value for 1718081,2017-07-26,BSE-EQ - Z,Book Voucher,214.245,0,-34.865
Settlement Value for 2017142,2017-07-27,NSE-EQ - Z,Book Voucher,0,171.471,136.606
DP Charges for 27/07/2017,2017-07-27,NSE-EQ - Z,Journal Entry,15.93,0,120.676
Settlement Value for 1718082,2017-07-27,BSE-EQ - Z,Book Voucher,156.991,0,-36.315
DP Charges for 28/07/2017,2017-07-28,NSE-EQ - Z,Journal Entry,15.93,0,-52.245
Settlement Value for 2017145,2017-08-01,NSE-EQ - Z,Book Voucher,0,1451.823,1399.578
Settlement Value for 2017146,2017-08-02,NSE-EQ - Z,Book Voucher,1366.364,0,33.214
DP Charges for 02/08/2017,2017-08-02,NSE-EQ - Z,Journal Entry,31.86,0,1.354
DP Charges for 02/08/2017,2017-08-02,NSE-EQ - Z,Journal Entry,15.93,0,-14.576
Settlement Value for 2017149,2017-08-07,NSE-EQ - Z,Book Voucher,4744.336,0,-4758.912
Being Payment Gateway Charges Debited -X,2017-08-07,NSE-EQ - Z,Journal Entry,10.62,0,-4769.532
Being amount received fromclientIGABTZAML4 through NEST Payment Gatewa,2017-08-07,NSE-EQ - Z,Bank Receipts,0,5000,230.468
Settlement Value for 2017153,2017-08-11,NSE-EQ - Z,Book Voucher,7205.833,0,-6975.365
Being Payment Gateway Charges Debited -X,2017-08-11,NSE-EQ - Z,Journal Entry,10.62,0,-6985.985
Being amount received fromclientIGABUQPJU9 through NEST Payment Gatewa,2017-08-11,NSE-EQ - Z,Bank Receipts,0,7000,14.015
Settlement Value for 2017156,2017-08-17,NSE-EQ - Z,Book Voucher,0,328.454,342.469
Settlement Value for 2017157,2017-08-18,NSE-EQ - Z,Book Voucher,38.569,0,303.9
Settlement Value for 1718097,2017-08-18,BSE-EQ - Z,Book Voucher,297.34,0,6.56
DP Charges for 18/08/2017,2017-08-18,NSE-EQ - Z,Journal Entry,15.93,0,-9.37
DP Charges for 21/08/2017,2017-08-21,NSE-EQ - Z,Journal Entry,63.72,0,-73.09
Settlement Value for 2017159,2017-08-22,NSE-EQ - Z,Book Voucher,0,42.078,-31.012
Settlement Value for 2017160,2017-08-23,NSE-EQ - Z,Book Voucher,0,67.476,36.464
DP Charges for 23/08/2017,2017-08-23,NSE-EQ - Z,Journal Entry,15.93,0,20.534
Settlement Value for 2017161,2017-08-24,NSE-EQ - Z,Book Voucher,0,22.023,42.557
DP Charges for 24/08/2017,2017-08-24,NSE-EQ - Z,Journal Entry,31.86,0,10.697
DP Charges for 24/08/2017,2017-08-24,NSE-EQ - Z,Journal Entry,15.93,0,-5.233
Settlement Value for 2017162,2017-08-28,NSE-EQ - Z,Book Voucher,0,2255.639,2250.406
DP Charges for 28/08/2017,2017-08-28,NSE-EQ - Z,Journal Entry,31.86,0,2218.546
Settlement Value for 1718102,2017-08-28,BSE-EQ - Z,Book Voucher,2003.574,0,214.972
Settlement Value for 2017163,2017-08-29,NSE-EQ - Z,Book Voucher,219.014,0,-4.042
Settlement Value for 2017164,2017-08-30,NSE-EQ - Z,Book Voucher,0,212.601,208.559
DP Charges for 30/08/2017,2017-08-30,NSE-EQ - Z,Journal Entry,47.79,0,160.769
DP Charges for 30/08/2017,2017-08-30,NSE-EQ - Z,Journal Entry,15.93,0,144.839
Settlement Value for 2017165,2017-08-31,NSE-EQ - Z,Book Voucher,133.138,0,11.701
DP Charges for 31/08/2017,2017-08-31,NSE-EQ - Z,Journal Entry,15.93,0,-4.229
Settlement Value for 2017166,2017-09-01,NSE-EQ - Z,Book Voucher,842.963,0,-847.192
Settlement Value for 1718106,2017-09-01,BSE-EQ - Z,Book Voucher,0,851.644,4.452
DP Charges for 01/09/2017,2017-09-01,NSE-EQ - Z,Journal Entry,31.86,0,-27.408
Settlement Value for 2017167,2017-09-04,NSE-EQ - Z,Book Voucher,0,145.862,118.454
Settlement Value for 1718107,2017-09-04,BSE-EQ - Z,Book Voucher,132.777,0,-14.323
DP Charges for 04/09/2017,2017-09-04,NSE-EQ - Z,Journal Entry,15.93,0,-30.253
DP Charges for 04/09/2017,2017-09-04,BSE-EQ - Z,Journal Entry,15.93,0,-46.183
Settlement Value for 2017168,2017-09-05,NSE-EQ - Z,Book Voucher,0,1772.661,1726.478
DP Charges for 05/09/2017,2017-09-05,NSE-EQ - Z,Journal Entry,15.93,0,1710.548
Settlement Value for 2017169,2017-09-06,NSE-EQ - Z,Book Voucher,1273.079,0,437.469
Settlement Value for 1718109,2017-09-06,BSE-EQ - Z,Book Voucher,212.832,0,224.637
DP Charges for 06/09/2017,2017-09-06,NSE-EQ - Z,Journal Entry,15.93,0,208.707
DP Charges for 06/09/2017,2017-09-06,NSE-EQ - Z,Journal Entry,15.93,0,192.777
Settlement Value for 2017170,2017-09-07,NSE-EQ - Z,Book Voucher,0,2987.366,1260.973
DP Charges for 07/09/2017,2017-09-07,NSE-EQ - Z,Journal Entry,15.93,0,-1726.393
Settlement Value for 1718110,2017-09-07,BSE-EQ - Z,Book Voucher,1903.24,0,-1710.463
Settlement Value for 2017171,2017-09-08,NSE-EQ - Z,Book Voucher,50.357,0,1210.616
Settlement Value for 1718111,2017-09-08,BSE-EQ - Z,Book Voucher,1211.775,0,-1.159
DP Charges for 08/09/2017,2017-09-08,NSE-EQ - Z,Journal Entry,15.93,0,-17.089
DP Charges for 08/09/2017,2017-09-08,NSE-EQ - Z,Journal Entry,15.93,0,-33.019
DP Charges for 08/09/2017,2017-09-08,NSE-EQ - Z,Journal Entry,15.93,0,-48.949
Settlement Value for 2017175,2017-09-14,NSE-EQ - Z,Book Voucher,0,51.984,3.035
Being amount received fromX-IGACADPAX1 through NEST Payment Gateway,2017-09-14,NSE-EQ - Z,Bank Receipts,0,2000,2003.035
Being Payment Gateway Charges Debited -X,2017-09-14,NSE-EQ - Z,Journal Entry,10.62,0,1992.415
Settlement Value for 1718115,2017-09-14,BSE-EQ - Z,Book Voucher,518.783,0,1473.632
Settlement Value for 2017176,2017-09-15,NSE-EQ - Z,Book Voucher,0,658.74,2132.372
Settlement Value for 1718116,2017-09-15,BSE-EQ - Z,Book Voucher,1195.421,0,936.951
DP Charges for 15/09/2017,2017-09-15,NSE-EQ - Z,Journal Entry,15.93,0,921.021
Settlement Value for 2017177,2017-09-18,NSE-EQ - Z,Book Voucher,0,167.172,1088.193
DP Charges for 18/09/2017,2017-09-18,NSE-EQ - Z,Journal Entry,15.93,0,1072.263
Settlement Value for 1718117,2017-09-18,BSE-EQ - Z,Book Voucher,92.055,0,980.208
Settlement Value for 2017178,2017-09-19,NSE-EQ - Z,Book Voucher,953.107,0,27.101
DP Charges for 19/09/2017,2017-09-19,NSE-EQ - Z,Journal Entry,15.93,0,11.171
Being Payment Gateway Charges Debited -X,2017-10-09,NSE-EQ - Z,Journal Entry,10.62,0,0.551
Settlement Value for 2017191,2017-10-09,NSE-EQ - Z,Book Voucher,1862.663,0,-1862.112
Being amount received fromX-IGACDUTFS6 through NEST Payment Gateway,2017-10-09,NSE-EQ - Z,Bank Receipts,0,2000,137.888
Settlement Value for 1718131,2017-10-09,BSE-EQ - Z,Book Voucher,108.396,0,29.492
Settlement Value for 2017192,2017-10-10,NSE-EQ - Z,Book Voucher,0,44.202,73.694
Settlement Value for 1718132,2017-10-10,BSE-EQ - Z,Book Voucher,22.039,0,51.655
DP Charges for 10/10/2017,2017-10-10,NSE-EQ - Z,Journal Entry,31.86,0,19.795
Settlement Value for 2017193,2017-10-11,NSE-EQ - Z,Book Voucher,40.715,0,-20.92
DP Charges for 11/10/2017,2017-10-11,NSE-EQ - Z,Journal Entry,15.93,0,-36.85
Settlement Value for 2017194,2017-10-12,NSE-EQ - Z,Book Voucher,0,648.043,611.193
DP Charges for 13/10/2017,2017-10-13,NSE-EQ - Z,Journal Entry,15.93,0,595.263
Settlement Value for 2017195,2017-10-13,NSE-EQ - Z,Book Voucher,287.538,0,307.725
Settlement Value for 1718135,2017-10-13,BSE-EQ - Z,Book Voucher,298.582,0,9.143
DP Charges for 16/10/2017,2017-10-16,NSE-EQ - Z,Journal Entry,15.93,0,-6.787
Settlement Value for 2017196,2017-10-16,NSE-EQ - Z,Book Voucher,0,100.487,93.7
Settlement Value for 1718136,2017-10-16,BSE-EQ - Z,Book Voucher,76.019,0,17.681
Settlement Value for 2017197,2017-10-17,NSE-EQ - Z,Book Voucher,28.015,0,-10.334
DP Charges for 17/10/2017,2017-10-17,NSE-EQ - Z,Journal Entry,15.93,0,-26.264
Settlement Value for 2017200,2017-10-23,NSE-EQ - Z,Book Voucher,832.65,0,-858.914
Settlement Value for 1718140,2017-10-23,BSE-EQ - Z,Book Voucher,0,887.164,28.25
Settlement Value for 2017201,2017-10-24,NSE-EQ - Z,Book Voucher,27.745,0,0.505
DP Charges for 24/10/2017,2017-10-24,BSE-EQ - Z,Journal Entry,15.93,0,-15.425
Settlement Value for 2017202,2017-10-25,NSE-EQ - Z,Book Voucher,135.319,0,-150.744
Settlement Value for 1718142,2017-10-25,BSE-EQ - Z,Book Voucher,0,147.246,-3.498
DP Charges for 25/10/2017,2017-10-25,NSE-EQ - Z,Journal Entry,15.93,0,-19.428
DP Charges for 26/10/2017,2017-10-26,NSE-EQ - Z,Journal Entry,15.93,0,-35.358
DP Charges for 26/10/2017,2017-10-26,NSE-EQ - Z,Journal Entry,15.93,0,-51.288
DP Charges for 26/10/2017,2017-10-26,BSE-EQ - Z,Journal Entry,15.93,0,-67.218
Settlement Value for 2017205,2017-10-30,NSE-EQ - Z,Book Voucher,0,284.71,217.492
Being amount received fromX-IGACGWIFU6 through NEST Payment Gateway,2017-10-30,NSE-EQ - Z,Bank Receipts,0,2000,2217.492
Settlement Value for 1718145,2017-10-30,BSE-EQ - Z,Book Voucher,172.325,0,2045.167
Being Payment Gateway Charges Debited -X,2017-10-30,NSE-EQ - Z,Journal Entry,10.62,0,2034.547
Settlement Value for 2017206,2017-10-31,NSE-EQ - Z,Book Voucher,1158.177,0,876.37
Settlement Value for 1718146,2017-10-31,BSE-EQ - Z,Book Voucher,302.58,0,573.79
DP Charges for 01/11/2017,2017-11-01,NSE-EQ - Z,Journal Entry,15.93,0,557.86
Settlement Value for 2017207,2017-11-01,NSE-EQ - Z,Book Voucher,415.425,0,142.435
Settlement Value for 1718147,2017-11-01,BSE-EQ - Z,Book Voucher,0,268.056,410.491
DP Charges for 02/11/2017,2017-11-02,NSE-EQ - Z,Journal Entry,15.93,0,394.561
Settlement Value for 2017208,2017-11-02,NSE-EQ - Z,Book Voucher,243.986,0,150.575
Settlement Value for 2017209,2017-11-03,NSE-EQ - Z,Book Voucher,0,0.386,150.961
Settlement Value for 1718149,2017-11-03,BSE-EQ - Z,Book Voucher,34.054,0,116.907
DP Charges for 06/11/2017,2017-11-06,NSE-EQ - Z,Journal Entry,15.93,0,100.977
DP Charges for 06/11/2017,2017-11-06,NSE-EQ - Z,Journal Entry,15.93,0,85.047
Being amount received fromX-IGACIFHMN5 through NEST Payment Gateway,2017-11-07,NSE-EQ - Z,Bank Receipts,0,4000,4085.047
Settlement Value for 2017211,2017-11-07,NSE-EQ - Z,Book Voucher,4025.658,0,59.389
Settlement Value for 1718151,2017-11-07,BSE-EQ - Z,Book Voucher,48.722,0,10.667
Being Payment Gateway Charges Debited -X,2017-11-07,NSE-EQ - Z,Journal Entry,10.62,0,0.047
Settlement Value for 2017213,2017-11-09,NSE-EQ - Z,Book Voucher,0,32.714,32.761
Settlement Value for 1718153,2017-11-09,BSE-EQ - Z,Book Voucher,0.741,0,32.02
DP Charges for 10/11/2017,2017-11-10,NSE-EQ - Z,Journal Entry,15.93,0,16.09
DP Charges for 10/11/2017,2017-11-10,NSE-EQ - Z,Journal Entry,31.86,0,-15.77
Settlement Value for 2017215,2017-11-13,NSE-EQ - Z,Book Voucher,0,1363.495,1347.725
Settlement Value for 1718155,2017-11-13,BSE-EQ - Z,Book Voucher,409.464,0,938.261
DP Charges for 14/11/2017,2017-11-14,NSE-EQ - Z,Journal Entry,15.93,0,922.331
DP Charges for 14/11/2017,2017-11-14,NSE-EQ - Z,Journal Entry,15.93,0,906.401
DP Charges for 14/11/2017,2017-11-14,NSE-EQ - Z,Journal Entry,47.79,0,858.611
DP Charges for 14/11/2017,2017-11-14,NSE-EQ - Z,Journal Entry,15.93,0,842.681
Settlement Value for 2017216,2017-11-14,NSE-EQ - Z,Book Voucher,0,196.909,1039.59
Settlement Value for 1718156,2017-11-14,BSE-EQ - Z,Book Voucher,0,28.89,1068.48
Settlement Value for 2017217,2017-11-15,NSE-EQ - Z,Book Voucher,416.553,0,651.927
Settlement Value for 1718157,2017-11-15,BSE-EQ - Z,Book Voucher,78.437,0,573.49
DP Charges for 15/11/2017,2017-11-15,NSE-EQ - Z,Journal Entry,15.93,0,557.56
DP Charges for 15/11/2017,2017-11-15,BSE-EQ - Z,Journal Entry,15.93,0,541.63
Settlement Value for 2017218,2017-11-16,NSE-EQ - Z,Book Voucher,474.941,0,66.689
Settlement Value for 1718158,2017-11-16,BSE-EQ - Z,Book Voucher,77.987,0,-11.298
DP Charges for 17/11/2017,2017-11-17,NSE-EQ - Z,Journal Entry,15.93,0,-27.228
Settlement Value for 1718159,2017-11-17,BSE-EQ - Z,Book Voucher,0,30.274,3.046
Settlement Value for 2017220,2017-11-20,NSE-EQ - Z,Book Voucher,0,44.384,47.43
DP Charges for 20/11/2017,2017-11-20,BSE-EQ - Z,Journal Entry,15.93,0,31.5
DP Charges for 21/11/2017,2017-11-21,NSE-EQ - Z,Journal Entry,15.93,0,15.57
Settlement Value for 2017223,2017-11-23,NSE-EQ - Z,Book Voucher,9.028,0,6.542
Settlement Value for 2017224,2017-11-24,NSE-EQ - Z,Book Voucher,0,162.453,168.995
Settlement Value for 1718164,2017-11-24,BSE-EQ - Z,Book Voucher,130.173,0,38.822
DP Charges for 24/11/2017,2017-11-24,NSE-EQ - Z,Journal Entry,15.93,0,22.892
DP Charges for 27/11/2017,2017-11-27,NSE-EQ - Z,Journal Entry,31.86,0,-8.968
Settlement Value for 2017225,2017-11-27,NSE-EQ - Z,Book Voucher,0,17.126,8.158
DP Charges for 28/11/2017,2017-11-28,NSE-EQ - Z,Journal Entry,15.93,0,-7.772
DP Charges for 28/11/2017,2017-11-28,NSE-EQ - Z,Journal Entry,31.86,0,-39.632
Settlement Value for 1718166,2017-11-28,BSE-EQ - Z,Book Voucher,31.802,0,-71.434
Settlement Value for 1718167,2017-11-29,BSE-EQ - Z,Book Voucher,0,30.423,-41.011
Being amount received fromX-IGACLTMRU2 through NEST Payment Gateway,2017-11-30,NSE-EQ - Z,Bank Receipts,0,1500,1458.989
DP Charges for 30/11/2017,2017-11-30,BSE-EQ - Z,Journal Entry,15.93,0,1443.059
Being Payment Gateway Charges Debited -X,2017-11-30,NSE-EQ - Z,Journal Entry,10.62,0,1432.439
Settlement Value for 2017229,2017-12-01,NSE-EQ - Z,Book Voucher,77.721,0,1354.718
Settlement Value for 2017230,2017-12-04,NSE-EQ - Z,Book Voucher,986.412,0,368.306
Settlement Value for 2017231,2017-12-05,NSE-EQ - Z,Book Voucher,338.146,0,30.16
Settlement Value for 2017232,2017-12-06,NSE-EQ - Z,Book Voucher,4.932,0,25.228
DP Charges for 07/12/2017,2017-12-07,NSE-EQ - Z,Journal Entry,15.93,0,9.298
Settlement Value for 2017235,2017-12-11,NSE-EQ - Z,Book Voucher,3.317,0,5.981
Settlement Value for 1718175,2017-12-11,BSE-EQ - Z,Book Voucher,0,29.138,35.119
DP Charges for 12/12/2017,2017-12-12,NSE-EQ - Z,Journal Entry,15.93,0,19.189
DP Charges for 12/12/2017,2017-12-12,NSE-EQ - Z,Journal Entry,15.93,0,3.259
DP Charges for 12/12/2017,2017-12-12,BSE-EQ - Z,Journal Entry,15.93,0,-12.671
Settlement Value for 2017238,2017-12-14,NSE-EQ - Z,Book Voucher,300.243,0,-312.914
Being Payment Gateway Charges Debited -X,2017-12-14,NSE-EQ - Z,Journal Entry,10.62,0,-323.534
Being amount received fromX-IGACNSFFL0 through NEST Payment Gateway,2017-12-14,NSE-EQ - Z,Bank Receipts,0,2000,1676.466
Settlement Value for 2017243,2017-12-21,NSE-EQ - Z,Book Voucher,2121.546,0,-445.08
Settlement Value for 1718183,2017-12-21,BSE-EQ - Z,Book Voucher,0,564.105,119.025
DP Charges for 22/12/2017,2017-12-22,BSE-EQ - Z,Journal Entry,15.93,0,103.095
DP Charges for 22/12/2017,2017-12-22,NSE-EQ - Z,Journal Entry,15.93,0,87.165
Settlement Value for 2017248,2017-12-29,NSE-EQ - Z,Book Voucher,25.763,0,61.402
DP Charges for 01/01/2018,2018-01-01,NSE-EQ - Z,Journal Entry,15.93,0,45.472
DP Charges for 01/01/2018,2018-01-01,NSE-EQ - Z,Journal Entry,15.93,0,29.542
Settlement Value for 2018002,2018-01-02,NSE-EQ - Z,Book Voucher,0,220.022,249.564
Settlement Value for 1718190,2018-01-02,BSE-EQ - Z,Book Voucher,182.138,0,67.426
DP Charges for 03/01/2018,2018-01-03,NSE-EQ - Z,Journal Entry,15.93,0,51.496
Settlement Value for 2018005,2018-01-05,NSE-EQ - Z,Book Voucher,3758.587,0,-3707.091
Settlement Value for 1718193,2018-01-05,BSE-EQ - Z,Book Voucher,200.21,0,-3907.301
Being Payment Gateway Charges Debited -X,2018-01-05,NSE-EQ - Z,Journal Entry,10.62,0,-3917.921
Being amount received fromX-IGACQZEMX0 through NEST Payment Gateway,2018-01-05,NSE-EQ - Z,Bank Receipts,0,4000,82.079
Settlement Value for 2018010,2018-01-12,NSE-EQ - Z,Book Voucher,0,258.399,340.478
DP Charges for 15/01/2018,2018-01-15,NSE-EQ - Z,Journal Entry,15.93,0,324.548
DP Charges for 15/01/2018,2018-01-15,NSE-EQ - Z,Journal Entry,15.93,0,308.618
Settlement Value for 2018013,2018-01-17,NSE-EQ - Z,Book Voucher,132.523,0,176.095
DP Charges for 18/01/2018,2018-01-18,NSE-EQ - Z,Journal Entry,15.93,0,160.165
Settlement Value for 2018016,2018-01-22,NSE-EQ - Z,Book Voucher,46.931,0,113.234
DP Charges for 23/01/2018,2018-01-23,NSE-EQ - Z,Journal Entry,15.93,0,97.304
DP Charges for 23/01/2018,2018-01-23,NSE-EQ - Z,Journal Entry,15.93,0,81.374
Settlement Value for 2018026,2018-02-06,NSE-EQ - Z,Book Voucher,4837.346,0,-4755.972
Being Payment Gateway Charges Debited -X,2018-02-06,NSE-EQ - Z,Journal Entry,10.62,0,-4766.592
Being amount received fromX-IGACWAXGP1 through NEST Payment Gateway,2018-02-06,NSE-EQ - Z,Bank Receipts,0,5000,233.408
Being amount received fromX-IGADCRZGZ1 through NEST Payment Gateway,2018-03-15,NSE-EQ - Z,Bank Receipts,0,3000,2678.286
Settlement Value for 2018052,2018-03-16,NSE-EQ - Z,Book Voucher,1703.842,0,974.444
DP Charges for 16/03/2018,2018-03-16,NSE-EQ - Z,Journal Entry,15.93,0,958.514
DP Charges for 19/03/2018,2018-03-19,NSE-EQ - Z,Journal Entry,15.93,0,942.584
Settlement Value for 1718241,2018-03-19,BSE-EQ - Z,Book Voucher,2.332,0,940.252
Settlement Value for 2018053,2018-03-19,NSE-EQ - Z,Book Voucher,929.354,0,10.898
DP Charges for 20/03/2018,2018-03-20,BSE-EQ - Z,Journal Entry,15.93,0,-5.032
Being AMC charges towards Demat account—X,2018-04-07,NSE-EQ - Z,Journal Entry,91.18,0,-96.212
Being amount received fromX-IGADITCYQ1 through NEST Payment Gateway,2018-04-17,NSE-EQ - Z,Bank Receipts,0,5000,4903.788
Being payment gateway charges debited forX,2018-04-17,NSE-EQ - Z,Journal Entry,10.62,0,4893.168
Settlement value for April 17 -  2018 in NSE with settlement number 2018072,2018-04-17,NSE-EQ - Z,Book Voucher,2863.29,0,2029.878
Settlement value for April 19 -  2018 in NSE with settlement number 2018074,2018-04-19,NSE-EQ - Z,Book Voucher,1878,0,151.878
DP Charges for 20/04/2018,2018-04-20,NSE-EQ - Z,Journal Entry,15.93,0,135.948
Being amount received fromX-IGADLHXAW5 through NEST Payment Gateway,2018-05-03,NSE-EQ - Z,Bank Receipts,0,5000,5135.948
Being payment gateway charges debited forX,2018-05-03,NSE-EQ - Z,Journal Entry,10.62,0,5125.328
Settlement value for May 03 -  2018 in NSE with settlement number 2018083,2018-05-03,NSE-EQ - Z,Book Voucher,2713.132383,0,2412.195617
Settlement value for May 04 -  2018 in NSE with settlement number 2018084,2018-05-04,NSE-EQ - Z,Book Voucher,0,28.385364,2440.580981
Settlement value for May 07 -  2018 in NSE with settlement number 2018085,2018-05-07,NSE-EQ - Z,Book Voucher,2097.070977,0,343.510004
DP Charges for 07/05/2018,2018-05-07,NSE-EQ - Z,Journal Entry,15.93,0,327.580004
Settlement value for May 08 -  2018 in NSE with settlement number 2018086,2018-05-08,NSE-EQ - Z,Book Voucher,125.324311,0,202.255693
Being amount received fromX-IGADMKQMB4 through NEST Payment Gateway,2018-05-09,NSE-EQ - Z,Bank Receipts,0,3500,3702.255693
Being payment gateway charges debited forX,2018-05-09,NSE-EQ - Z,Journal Entry,10.62,0,3691.635693
Settlement value for May 09 -  2018 in NSE with settlement number 2018087,2018-05-09,NSE-EQ - Z,Book Voucher,1723.933722,0,1967.701971
Settlement value for May 10 -  2018 in BSE with settlement number 1819030,2018-05-10,BSE-EQ - Z,Book Voucher,0,733.225444,2700.927415
Settlement value for May 10 -  2018 in NSE with settlement number 2018088,2018-05-10,NSE-EQ - Z,Book Voucher,2096.684944,0,604.242471
Settlement value for May 11 -  2018 in NSE with settlement number 2018089,2018-05-11,NSE-EQ - Z,Book Voucher,493.317142,0,110.925329
DP Charges for 11/05/2018,2018-05-11,NSE-EQ - Z,Journal Entry,15.93,0,94.995329
DP Charges for 11/05/2018,2018-05-11,NSE-EQ - Z,Journal Entry,15.93,0,79.065329
DP Charges for 11/05/2018,2018-05-11,NSE-EQ - Z,Journal Entry,15.93,0,63.135329
DP Charges for 11/05/2018,2018-05-11,NSE-EQ - Z,Journal Entry,15.93,0,47.205329
Settlement value for May 14 -  2018 in NSE with settlement number 2018090,2018-05-14,NSE-EQ - Z,Book Voucher,0,5611.623849,5658.829178
DP Charges for 14/05/2018,2018-05-14,NSE-EQ - Z,Journal Entry,15.93,0,5642.899178
Settlement value for May 15 -  2018 in NSE with settlement number 2018091,2018-05-15,NSE-EQ - Z,Book Voucher,304.597137,0,5338.302041
DP Charges for 15/05/2018,2018-05-15,NSE-EQ - Z,Journal Entry,15.93,0,5322.372041
DP Charges for 15/05/2018,2018-05-15,NSE-EQ - Z,Journal Entry,15.93,0,5306.442041
Settlement value for May 16 -  2018 in NSE with settlement number 2018092,2018-05-16,NSE-EQ - Z,Book Voucher,301.633177,0,5004.808864
Settlement value for May 17 -  2018 in NSE with settlement number 2018093,2018-05-17,NSE-EQ - Z,Book Voucher,866.498212,0,4138.310652
Settlement value for May 18 -  2018 in NSE with settlement number 2018094,2018-05-18,NSE-EQ - Z,Book Voucher,506.062226,0,3632.248426
Settlement value for May 21 -  2018 in BSE with settlement number 1819037,2018-05-21,BSE-EQ - Z,Book Voucher,28.324356,0,3603.92407
Settlement value for May 21 -  2018 in NSE with settlement number 2018095,2018-05-21,NSE-EQ - Z,Book Voucher,3150.478747,0,453.445323
Settlement value for May 23 -  2018 in NSE with settlement number 2018097,2018-05-23,NSE-EQ - Z,Book Voucher,378.049544,0,75.395779
Being amount received fromX-IGADQBEMB3 through NEST Payment Gateway,2018-05-31,NSE-EQ - Z,Bank Receipts,0,2000,2075.395779
Being payment gateway charges debited forX,2018-05-31,NSE-EQ - Z,Journal Entry,10.62,0,2064.775779
Settlement value for May 31 -  2018 in NSE with settlement number 2018103,2018-05-31,NSE-EQ - Z,Book Voucher,1887.826708,0,176.949071
DP Charges for 01/06/2018,2018-06-01,NSE-EQ - Z,Journal Entry,15.93,0,161.019071
Settlement value for June 15 -  2018 in NSE with settlement number 2018114,2018-06-15,NSE-EQ - Z,Book Voucher,29.440652,0,131.578419
DP Charges for 18/06/2018,2018-06-18,NSE-EQ - Z,Journal Entry,15.93,0,115.648419
DP Charges for 18/06/2018,2018-06-18,NSE-EQ - Z,Journal Entry,15.93,0,99.718419
Being amount received fromX-IGADTZFPW4 through NEST Payment Gateway,2018-06-21,NSE-EQ - Z,Bank Receipts,0,3000,3099.718419
Being payment gateway charges debited forX,2018-06-21,NSE-EQ - Z,Journal Entry,10.62,0,3089.098419
Settlement value for June 21 -  2018 in NSE with settlement number 2018118,2018-06-21,NSE-EQ - Z,Book Voucher,2853.246375,0,235.852044
Settlement value for June 22 -  2018 in NSE with settlement number 2018119,2018-06-22,NSE-EQ - Z,Book Voucher,75.619348,0,160.232696
Settlement value for June 25 -  2018 in NSE with settlement number 2018120,2018-06-25,NSE-EQ - Z,Book Voucher,9.79545,0,150.437246
DP Charges for 25/06/2018,2018-06-27,NSE-EQ - Z,Journal Entry,15.93,0,134.507246
Settlement value for June 27 -  2018 in NSE with settlement number 2018122,2018-06-27,NSE-EQ - Z,Book Voucher,78.119598,0,56.387648
Being amount received fromX-IGADVMQBG4 through NEST Payment Gateway,2018-06-28,NSE-EQ - Z,Bank Receipts,0,5000,5056.387648
Being payment gateway charges debited forX,2018-06-28,NSE-EQ - Z,Journal Entry,10.62,0,5045.767648
Settlement value for June 28 -  2018 in BSE with settlement number 1819065,2018-06-28,BSE-EQ - Z,Book Voucher,475.66108,0,4570.106568
Settlement value for June 28 -  2018 in NSE with settlement number 2018123,2018-06-28,NSE-EQ - Z,Book Voucher,1258.137316,0,3311.969252
Settlement value for June 29 -  2018 in BSE with settlement number 1819066,2018-06-29,BSE-EQ - Z,Book Voucher,1042.815924,0,2269.153328
Settlement value for June 29 -  2018 in NSE with settlement number 2018124,2018-06-29,NSE-EQ - Z,Book Voucher,2060.513043,0,208.640285
Being amount received fromX-IGADWMCIF1 through NEST Payment Gateway,2018-07-02,NSE-EQ - Z,Bank Receipts,0,5000,5208.640285
Being payment gateway charges debited forX,2018-07-02,NSE-EQ - Z,Journal Entry,10.62,0,5198.020285
Settlement value for July 02 -  2018 in NSE with settlement number 2018125,2018-07-02,NSE-EQ - Z,Book Voucher,4927.753301,0,270.266984
Settlement value for July 03 -  2018 in NSE with settlement number 2018126,2018-07-03,NSE-EQ - Z,Book Voucher,113.523133,0,156.743851
Settlement value for July 17 -  2018 in NSE with settlement number 2018136,2018-07-17,NSE-EQ - Z,Book Voucher,96.071391,0,60.67246
Settlement value for July 19 -  2018 in NSE with settlement number 2018138,2018-07-19,NSE-EQ - Z,Book Voucher,0,7.468016,68.140476
Settlement value for July 20 -  2018 in NSE with settlement number 2018139,2018-07-20,NSE-EQ - Z,Book Voucher,17.663562,0,50.476914
DP Charges for 19/07/2018,2018-07-23,NSE-EQ - Z,Journal Entry,15.93,0,34.546914
Settlement value for July 24 -  2018 in NSE with settlement number 2018141,2018-07-24,NSE-EQ - Z,Book Voucher,0,153.02602,187.572934
Settlement value for July 25 -  2018 in NSE with settlement number 2018142,2018-07-25,NSE-EQ - Z,Book Voucher,14.135876,0,173.437058
DP Charges for 24/07/2018,2018-07-26,NSE-EQ - Z,Journal Entry,15.93,0,157.507058
DP Charges for 25/07/2018,2018-07-27,NSE-EQ - Z,Journal Entry,15.93,0,141.577058
Settlement value for July 27 -  2018 in NSE with settlement number 2018144,2018-07-27,NSE-EQ - Z,Book Voucher,0,235.764654,377.341712
DP Charges for 27/07/2018,2018-07-31,NSE-EQ - Z,Journal Entry,15.93,0,361.411712
Settlement value for July 31 -  2018 in BSE with settlement number 1819088,2018-07-31,BSE-EQ - Z,Book Voucher,198.331015,0,163.080697
Settlement value for August 01 -  2018 in NSE with settlement number 2018147,2018-08-01,NSE-EQ - Z,Book Voucher,0,2488.539487,2651.620184
DP Charges for 01/08/2018,2018-08-03,NSE-EQ - Z,Journal Entry,15.93,0,2635.690184
DP Charges for 01/08/2018,2018-08-03,NSE-EQ - Z,Journal Entry,15.93,0,2619.760184
DP Charges for 01/08/2018,2018-08-03,NSE-EQ - Z,Journal Entry,15.93,0,2603.830184
Settlement value for August 03 -  2018 in NSE with settlement number 2018149,2018-08-03,NSE-EQ - Z,Book Voucher,0,3141.674161,5745.504345
Settlement value for August 06 -  2018 in NSE with settlement number 2018150,2018-08-06,NSE-EQ - Z,Book Voucher,1806.992014,0,3938.512331
DP Charges for 03/08/2018,2018-08-07,NSE-EQ - Z,Journal Entry,15.93,0,3922.582331
Settlement value for August 07 -  2018 in BSE with settlement number 1819093,2018-08-07,BSE-EQ - Z,Book Voucher,190.030211,0,3732.55212
Settlement value for August 10 -  2018 in NSE with settlement number 2018154,2018-08-10,NSE-EQ - Z,Book Voucher,1352.196706,0,2380.355414
Settlement value for August 14 -  2018 in BSE with settlement number 1819098,2018-08-14,BSE-EQ - Z,Book Voucher,267.337703,0,2113.017711
Settlement value for August 14 -  2018 in NSE with settlement number 2018156,2018-08-14,NSE-EQ - Z,Book Voucher,1483.859852,0,629.157859
Settlement value for August 16 -  2018 in NSE with settlement number 2018157,2018-08-16,NSE-EQ - Z,Book Voucher,594.521057,0,34.636802
Settlement value for August 27 -  2018 in BSE with settlement number 1819105,2018-08-27,BSE-EQ - Z,Book Voucher,82.719814,0,-48.083012
Settlement value for August 27 -  2018 in NSE with settlement number 2018163,2018-08-27,NSE-EQ - Z,Book Voucher,0,78.090961,30.007949
DP Charges for 27/08/2018,2018-08-29,NSE-EQ - Z,Journal Entry,15.93,0,14.077949
Being amount received fromX-IGAEHFNBH3 through NEST Payment Gateway,2018-09-05,NSE-EQ - Z,Bank Receipts,0,5000,5014.077949
Being amount received fromX-IGAEHHRZI6 through NEST Payment Gateway,2018-09-05,NSE-EQ - Z,Bank Receipts,0,5000,10014.077949
Being payment gateway charges debited forX,2018-09-05,NSE-EQ - Z,Journal Entry,10.62,0,10003.457949
Being payment gateway charges debited forX,2018-09-05,NSE-EQ - Z,Journal Entry,10.62,0,9992.837949
Settlement value for September 05 -  2018 in BSE with settlement number 1819112,2018-09-05,BSE-EQ - Z,Book Voucher,383.598967,0,9609.238982
Settlement value for September 05 -  2018 in NSE with settlement number 2018170,2018-09-05,NSE-EQ - Z,Book Voucher,7188.028775,0,2421.210207
Settlement value for September 06 -  2018 in NSE with settlement number 2018171,2018-09-06,NSE-EQ - Z,Book Voucher,886.60022,0,1534.609987
Settlement value for September 07 -  2018 in NSE with settlement number 2018172,2018-09-07,NSE-EQ - Z,Book Voucher,1035.631126,0,498.978861
Settlement value for September 10 -  2018 in NSE with settlement number 2018173,2018-09-10,NSE-EQ - Z,Book Voucher,302.441995,0,196.536866
Settlement value for September 11 -  2018 in NSE with settlement number 2018174,2018-09-11,NSE-EQ - Z,Book Voucher,10098.488236,0,-9901.95137
Being amount received fromX-IGAEIKDTE2 through NEST Payment Gateway,2018-09-11,NSE-EQ - Z,Bank Receipts,0,10000,98.04863
Being payment gateway charges debited forX,2018-09-11,NSE-EQ - Z,Journal Entry,10.62,0,87.42863
Settlement value for September 12 -  2018 in NSE with settlement number 2018175,2018-09-12,NSE-EQ - Z,Book Voucher,56.667457,0,30.761173
Net settlement  for  NSE-Equity with settlement number: 2018181,2018-09-24,NSE-EQ - Z,Book Voucher,11853.14402,0,-11822.382847
Funds added using payment gateway fromX with reference number IGAEKPUFX7,2018-09-24,NSE-EQ - Z,Bank Receipts,0,12000,177.617153
Being payment gateway charges debited forX,2018-09-24,NSE-EQ - Z,Journal Entry,10.62,0,166.997153
Net settlement  for  NSE-Equity with settlement number: 2018182,2018-09-25,NSE-EQ - Z,Book Voucher,6428.048895,0,-6261.051742
Funds added using payment gateway fromX with reference number IGAEKUERX5,2018-09-25,NSE-EQ - Z,Bank Receipts,0,10000,3738.948258
Being payment gateway charges debited forX,2018-09-25,NSE-EQ - Z,Journal Entry,10.62,0,3728.328258
Net settlement  for  NSE-Equity with settlement number: 2018183,2018-09-26,NSE-EQ - Z,Book Voucher,2358.447067,0,1369.881191
Net settlement  for  NSE-Equity with settlement number: 2018184,2018-09-27,NSE-EQ - Z,Book Voucher,1240.261421,0,129.61977
Net settlement  for  NSE-Equity with settlement number: 2018185,2018-09-28,NSE-EQ - Z,Book Voucher,66.01839,0,63.60138
Net settlement  for  NSE-Equity with settlement number: 2018186,2018-10-01,NSE-EQ - Z,Book Voucher,0,2.994401,66.595781
Funds added using payment gateway fromX with reference number IGAEMFXEG3,2018-10-03,NSE-EQ - Z,Bank Receipts,0,5000,5066.595781
Being payment gateway charges debited forX,2018-10-03,NSE-EQ - Z,Journal Entry,10.62,0,5055.975781
Net settlement  for  NSE-Equity with settlement number: 2018187,2018-10-03,NSE-EQ - Z,Book Voucher,3264.837461,0,1791.13832
Net settlement  for  NSE-Equity with settlement number: 2018188,2018-10-04,NSE-EQ - Z,Book Voucher,410.752808,0,1380.385512
DP Charges for 01/10/2018,2018-10-04,NSE-EQ - Z,Journal Entry,15.93,0,1364.455512
Net settlement  for  NSE-Equity with settlement number: 2018190,2018-10-08,NSE-EQ - Z,Book Voucher,1279.989493,0,84.466019
Net settlement  for  NSE-Equity with settlement number: 2018193,2018-10-11,NSE-EQ - Z,Book Voucher,13987.25689,0,-13902.790871
Funds added using payment gateway fromX with reference number IGAENXMKH6,2018-10-11,NSE-EQ - Z,Bank Receipts,0,14000,97.209129
Being payment gateway charges debited forX,2018-10-11,NSE-EQ - Z,Journal Entry,10.62,0,86.589129
Net settlement  for  NSE-Equity with settlement number: 2018200,2018-10-23,NSE-EQ - Z,Book Voucher,0,71.337287,157.926416
DP Charges for 23/10/2018,2018-10-25,NSE-EQ - Z,Journal Entry,31.86,0,126.066416
DP Charges for 23/10/2018,2018-10-25,NSE-EQ - Z,Journal Entry,15.93,0,110.136416
Net settlement  for  NSE-Equity with settlement number: 2018202,2018-10-25,NSE-EQ - Z,Book Voucher,96.821465,0,13.314951
Net settlement  for  NSE-Equity with settlement number: 2018207,2018-11-01,NSE-EQ - Z,Book Voucher,12322.940924,0,-12309.625973
Funds added using payment gateway fromX with reference number IGAERISEB2,2018-11-01,NSE-EQ - Z,Bank Receipts,0,30000,17690.374027
Being payment gateway charges debited forX,2018-11-01,NSE-EQ - Z,Journal Entry,10.62,0,17679.754027
Net settlement  for  NSE-Equity with settlement number: 2018208,2018-11-02,NSE-EQ - Z,Book Voucher,9834.592687,0,7845.16134
Net settlement  for  NSE-Equity with settlement number: 2018211,2018-11-07,NSE-EQ - Z,Book Voucher,1193.130821,0,6652.030519
Being brokerage reversed for muhurat trading,2018-11-07,NSE-EQ - Z,Journal Entry,0,0.01,6652.040519
Net settlement  for  NSE-Equity with settlement number: 2018212,2018-11-09,NSE-EQ - Z,Book Voucher,2274.788714,0,4377.251805
Net settlement  for  NSE-Equity with settlement number: 2018214,2018-11-13,NSE-EQ - Z,Book Voucher,3962.407007,0,414.844798
Net settlement  for  NSE-Equity with settlement number: 2018216,2018-11-15,NSE-EQ - Z,Book Voucher,317.743522,0,97.101276
Net settlement  for  NSE-Equity with settlement number: 2018217,2018-11-16,NSE-EQ - Z,Book Voucher,0,345.403707,442.504983
Net settlement  for  NSE-Equity with settlement number: 2018218,2018-11-19,NSE-EQ - Z,Book Voucher,159.027676,0,283.477307
Net settlement  for  NSE-Equity with settlement number: 2018219,2018-11-20,NSE-EQ - Z,Book Voucher,273.189074,0,10.288233
DP Charges for 16/11/2018,2018-11-20,NSE-EQ - Z,Journal Entry,15.93,0,-5.641767
Net settlement  for  NSE-Equity with settlement number: 2018221,2018-11-22,NSE-EQ - Z,Book Voucher,0,529.585215,523.943448
DP Charges for 22/11/2018,2018-11-27,NSE-EQ - Z,Journal Entry,15.93,0,508.013448
Net settlement  for  NSE-Equity with settlement number: 2018225,2018-11-29,NSE-EQ - Z,Book Voucher,0,3849.653373,4357.666821
Net settlement  for  NSE-Equity with settlement number: 2018226,2018-11-30,NSE-EQ - Z,Book Voucher,1261.637661,0,3096.02916
DP Charges for 29/11/2018,2018-12-03,NSE-EQ - Z,Journal Entry,15.93,0,3080.09916
DP Charges for 29/11/2018,2018-12-03,NSE-EQ - Z,Journal Entry,15.93,0,3064.16916
DP Charges for 29/11/2018,2018-12-03,NSE-EQ - Z,Journal Entry,15.93,0,3048.23916
Net settlement  for  NSE-Equity with settlement number: 2018230,2018-12-06,NSE-EQ - Z,Book Voucher,502.361855,0,2545.877305
Net settlement  for  NSE-Equity with settlement number: 2018231,2018-12-07,NSE-EQ - Z,Book Voucher,976.159159,0,1569.718146
Net settlement  for  NSE-Equity with settlement number: 2018233,2018-12-11,NSE-EQ - Z,Book Voucher,1515.725669,0,53.992477
DP Charges for 11/12/2018,2018-12-13,NSE-EQ - Z,Journal Entry,15.93,0,38.062477
Net settlement  for  NSE-Equity with settlement number: 2019004,2019-01-04,NSE-EQ - Z,Book Voucher,0,737.114491,775.176968
Net settlement  for  NSE-Equity with settlement number: 2019005,2019-01-07,NSE-EQ - Z,Book Voucher,363.048046,0,412.128922
DP Charges for 04/01/2019,2019-01-08,NSE-EQ - Z,Journal Entry,15.93,0,396.198922
Net settlement  for  NSE-Equity with settlement number: 2019007,2019-01-09,NSE-EQ - Z,Book Voucher,231.234885,0,164.964037
Net settlement  for  NSE-Equity with settlement number: 2019008,2019-01-10,NSE-EQ - Z,Book Voucher,118.523632,0,46.440405
Net settlement  for  NSE-Equity with settlement number: 2019022,2019-01-30,NSE-EQ - Z,Book Voucher,0,364.263467,410.703872
Net settlement for  BSE-Equity with settlement number: 1819211,2019-01-31,BSE-EQ - Z,Book Voucher,410.520816,0,0.183056
DP Charges for 30/01/2019,2019-02-01,NSE-EQ - Z,Journal Entry,15.93,0,-15.746944
Net settlement  for  NSE-Equity with settlement number: 2019031,2019-02-12,NSE-EQ - Z,Book Voucher,1744.644855,0,-1760.391799
Funds added using payment gateway fromX with reference number IGAFJZKCZ8,2019-02-12,NSE-EQ - Z,Bank Receipts,0,10000,8239.608201
Being payment gateway charges debited forX,2019-02-12,NSE-EQ - Z,Journal Entry,10.62,0,8228.988201
Net settlement for  BSE-Equity with settlement number: 1819220,2019-02-13,BSE-EQ - Z,Book Voucher,390.049591,0,7838.93861
Net settlement  for  NSE-Equity with settlement number: 2019032,2019-02-13,NSE-EQ - Z,Book Voucher,1031.96473,0,6806.97388
DP Charges for 12/02/2019,2019-02-14,NSE-EQ - Z,Journal Entry,15.93,0,6791.04388
Net settlement  for  NSE-Equity with settlement number: 2019033,2019-02-14,NSE-EQ - Z,Book Voucher,2654.226498,0,4136.817382
Net settlement  for  NSE-Equity with settlement number: 2019034,2019-02-15,NSE-EQ - Z,Book Voucher,1380.949573,0,2755.867809
Net settlement  for  NSE-Equity with settlement number: 2019035,2019-02-18,NSE-EQ - Z,Book Voucher,1744.435764,0,1011.432045
Net settlement  for  NSE-Equity with settlement number: 2019036,2019-02-19,NSE-EQ - Z,Book Voucher,443.106039,0,568.326006
Net settlement  for  NSE-Equity with settlement number: 2019038,2019-02-21,NSE-EQ - Z,Book Voucher,478.759598,0,89.566408
Net settlement  for  NSE-Equity with settlement number: 2019054,2019-03-18,NSE-EQ - Z,Book Voucher,0,4165.571825,4255.138233
Net settlement  for  NSE-Equity with settlement number: 2019056,2019-03-20,NSE-EQ - Z,Book Voucher,0,2942.694042,7197.832275
DP Charges for 18/03/2019,2019-03-20,NSE-EQ - Z,Journal Entry,15.93,0,7181.902275
DP Charges for 20/03/2019,2019-03-25,NSE-EQ - Z,Journal Entry,15.93,0,7165.972275
Net settlement  for  NSE-Equity with settlement number: 2019059,2019-03-26,NSE-EQ - Z,Book Voucher,0,282.920502,7448.892777
Net settlement  for  NSE-Equity with settlement number: 2019060,2019-03-27,NSE-EQ - Z,Book Voucher,105.222304,0,7343.670473
DP Charges for 26/03/2019,2019-03-28,NSE-EQ - Z,Journal Entry,15.93,0,7327.740473
Annual Maintenance Charge for Demat Account for 2018-2019,2019-03-30,NSE-EQ - Z,Journal Entry,118,0,7209.740473
Net settlement  for  NSE-Equity with settlement number: 2019066,2019-04-04,NSE-EQ - Z,Book Voucher,1154.876425,0,6054.864048
Funds added using NEFT/IMPS/RTGS fromX with reference number 909413026587,2019-04-04,NSE-EQ - Z,Bank Receipts,0,8000,14054.864048
Net settlement  for  NSE-Equity with settlement number: 2019067,2019-04-05,NSE-EQ - Z,Book Voucher,0,1542.434744,15597.298792
Net settlement  for  NSE-Equity with settlement number: 2019068,2019-04-08,NSE-EQ - Z,Book Voucher,695.230764,0,14902.068028
Net settlement  for  NSE-Equity with settlement number: 2019069,2019-04-09,NSE-EQ - Z,Book Voucher,202.231889,0,14699.836139
DP Charges for 05/04/2019,2019-04-09,NSE-EQ - Z,Journal Entry,15.93,0,14683.906139
Net settlement  for  NSE-Equity with settlement number: 2019071,2019-04-11,NSE-EQ - Z,Book Voucher,1157.471227,0,13526.434912
Net settlement for  BSE-Equity with settlement number: 1920011,2019-04-11,BSE-EQ - Z,Book Voucher,753.894971,0,12772.539941
Net settlement  for  NSE-Equity with settlement number: 2019072,2019-04-12,NSE-EQ - Z,Book Voucher,338.84546,0,12433.694481
DP Charges for 11/04/2019,2019-04-15,NSE-EQ - Z,Journal Entry,15.93,0,12417.764481
Net settlement  for  NSE-Equity with settlement number: 2019076,2019-04-22,NSE-EQ - Z,Book Voucher,0,2217.617658,14635.382139
Net settlement  for  NSE-Equity with settlement number: 2019077,2019-04-23,NSE-EQ - Z,Book Voucher,0,1750.914029,16386.296168
Net settlement  for  NSE-Equity with settlement number: 2019078,2019-04-24,NSE-EQ - Z,Book Voucher,1308.84172,0,15077.454448
Net settlement for  BSE-Equity with settlement number: 1920018,2019-04-24,BSE-EQ - Z,Book Voucher,764.558188,0,14312.89626
DP Charges for 22/04/2019,2019-04-24,NSE-EQ - Z,Journal Entry,15.93,0,14296.96626
DP Charges for 23/04/2019,2019-04-25,NSE-EQ - Z,Journal Entry,15.93,0,14281.03626
Net settlement  for  NSE-Equity with settlement number: 2019081,2019-04-30,NSE-EQ - Z,Book Voucher,1350.170774,0,12930.865486
Net settlement  for  NSE-Equity with settlement number: 2019082,2019-05-02,NSE-EQ - Z,Book Voucher,2181.428304,0,10749.437182
Net settlement for  BSE-Equity with settlement number: 1920023,2019-05-03,BSE-EQ - Z,Book Voucher,430.395245,0,10319.041937
Net settlement  for  NSE-Equity with settlement number: 2019083,2019-05-03,NSE-EQ - Z,Book Voucher,2351.245173,0,7967.796764
Net settlement  for  NSE-Equity with settlement number: 2019084,2019-05-06,NSE-EQ - Z,Book Voucher,6606.617406,0,1361.179358
Net settlement for  BSE-Equity with settlement number: 1920024,2019-05-06,BSE-EQ - Z,Book Voucher,739.376977,0,621.802381
Net settlement  for  NSE-Equity with settlement number: 2019085,2019-05-07,NSE-EQ - Z,Book Voucher,574.118733,0,47.683648
Net settlement  for  NSE-Equity with settlement number: 2019087,2019-05-09,NSE-EQ - Z,Book Voucher,9.189216,0,38.494432
Net settlement  for  NSE-Equity with settlement number: 2019088,2019-05-10,NSE-EQ - Z,Book Voucher,0,43.554184,82.048616
DP Charges for 09/05/2019,2019-05-13,NSE-EQ - Z,Journal Entry,15.93,0,66.118616
DP Charges for 09/05/2019,2019-05-13,NSE-EQ - Z,Journal Entry,31.86,0,34.258616
DP Charges for 09/05/2019,2019-05-13,NSE-EQ - Z,Journal Entry,31.86,0,2.398616
Net settlement  for  NSE-Equity with settlement number: 2019089,2019-05-13,NSE-EQ - Z,Book Voucher,45.71634,0,-43.317724
Funds added using NEFT/IMPS/RTGS fromX with reference number 913310297808,2019-05-13,NSE-EQ - Z,Bank Receipts,0,20000,19956.682276
Funds added using NEFT/IMPS/RTGS fromX with reference number 913310325453,2019-05-13,NSE-EQ - Z,Bank Receipts,0,10000,29956.682276
DP Charges for 10/05/2019,2019-05-14,NSE-EQ - Z,Journal Entry,15.93,0,29940.752276
Net settlement  for  NSE-Equity with settlement number: 2019090,2019-05-14,NSE-EQ - Z,Book Voucher,14117.0628,0,15823.689476
Net settlement  for  NSE-Equity with settlement number: 2019091,2019-05-15,NSE-EQ - Z,Book Voucher,19253.712784,0,-3430.023308
Funds added using NEFT/IMPS/RTGS fromX with reference number 913514248584,2019-05-15,NSE-EQ - Z,Bank Receipts,0,5000,1569.976692
Net settlement  for  NSE-Equity with settlement number: 2019092,2019-05-16,NSE-EQ - Z,Book Voucher,2261.936301,0,-691.959609
Net settlement for  BSE-Equity with settlement number: 1920032,2019-05-16,BSE-EQ - Z,Book Voucher,1115.092662,0,-1807.052271
Funds added using NEFT/IMPS/RTGS fromX with reference number 913614561966,2019-05-16,NSE-EQ - Z,Bank Receipts,0,5000,3192.947729
Net settlement  for  NSE-Equity with settlement number: 2019094,2019-05-20,NSE-EQ - Z,Book Voucher,0,3417.548333,6610.496062
Net settlement  for  NSE-Equity with settlement number: 2019095,2019-05-21,NSE-EQ - Z,Book Voucher,0,4913.102991,11523.599053
Net settlement for  BSE-Equity with settlement number: 1920035,2019-05-21,BSE-EQ - Z,Book Voucher,3897.988241,0,7625.610812
DP Charges for 20/05/2019,2019-05-22,NSE-EQ - Z,Journal Entry,15.93,0,7609.680812
DP Charges for 21/05/2019,2019-05-23,NSE-EQ - Z,Journal Entry,15.93,0,7593.750812
Net settlement for  BSE-Equity with settlement number: 1920038,2019-05-24,BSE-EQ - Z,Book Voucher,0,1287.387308,8881.13812
DP Charges for 24/05/2019,2019-05-28,BSE-EQ - Z,Journal Entry,15.93,0,8865.20812
Net settlement  for  NSE-Equity with settlement number: 2019106,2019-06-06,NSE-EQ - Z,Book Voucher,4114.520139,0,4750.687981
Net settlement  for  NSE-Equity with settlement number: 2019107,2019-06-07,NSE-EQ - Z,Book Voucher,587.070019,0,4163.617962
Net settlement  for  NSE-Equity with settlement number: 2019108,2019-06-10,NSE-EQ - Z,Book Voucher,2185.387358,0,1978.230604
Net settlement  for  NSE-Equity with settlement number: 2019109,2019-06-11,NSE-EQ - Z,Book Voucher,290.890696,0,1687.339908
Net settlement  for  NSE-Equity with settlement number: 2019110,2019-06-12,NSE-EQ - Z,Book Voucher,0,4989.52754,6676.867448
Net settlement  for  NSE-Equity with settlement number: 2019111,2019-06-13,NSE-EQ - Z,Book Voucher,4257.334326,0,2419.533122
Net settlement  for  NSE-Equity with settlement number: 2019112,2019-06-14,NSE-EQ - Z,Book Voucher,1875.797942,0,543.73518
DP Charges for 12/06/2019,2019-06-14,NSE-EQ - Z,Journal Entry,15.93,0,527.80518
DP Charges for 12/06/2019,2019-06-14,NSE-EQ - Z,Journal Entry,15.93,0,511.87518
Funds added using NEFT/IMPS/RTGS fromX with reference number 916813644229,2019-06-17,NSE-EQ - Z,Bank Receipts,0,10000,10511.87518
Net settlement  for  NSE-Equity with settlement number: 2019113,2019-06-17,NSE-EQ - Z,Book Voucher,415.753988,0,10096.121192
DP Charges for 17/06/2019,2019-06-19,NSE-EQ - Z,Journal Entry,15.93,0,10080.191192
Net settlement  for  NSE-Equity with settlement number: 2019116,2019-06-20,NSE-EQ - Z,Book Voucher,989.109958,0,9091.081234
Net settlement  for  NSE-Equity with settlement number: 2019117,2019-06-21,NSE-EQ - Z,Book Voucher,493.560829,0,8597.520405
Net settlement  for  NSE-Equity with settlement number: 2019118,2019-06-24,NSE-EQ - Z,Book Voucher,8359.441433,0,238.078972
Net settlement  for  NSE-Equity with settlement number: 2019125,2019-07-03,NSE-EQ - Z,Book Voucher,0,155.488079,393.567051
DP Charges for 03/07/2019,2019-07-05,NSE-EQ - Z,Journal Entry,15.93,0,377.637051
Net settlement  for  NSE-Equity with settlement number: 2019127,2019-07-05,NSE-EQ - Z,Book Voucher,365.898147,0,11.738904
Net settlement  for  NSE-Equity with settlement number: 2019128,2019-07-08,NSE-EQ - Z,Book Voucher,0,189.046243,200.785147
DP Charges for 08/07/2019,2019-07-10,NSE-EQ - Z,Journal Entry,15.93,0,184.855147
Funds added using NEFT/IMPS/RTGS fromX with reference number 920014302518,2019-07-19,NSE-EQ - Z,Bank Receipts,0,5000,5184.855147
Net settlement  for  NSE-Equity with settlement number: 2019137,2019-07-19,NSE-EQ - Z,Book Voucher,3135.873019,0,2048.982128
Net settlement  for  NSE-Equity with settlement number: 2019138,2019-07-22,NSE-EQ - Z,Book Voucher,1828.593253,0,220.388875
Net settlement  for  NSE-Equity with settlement number: 2019140,2019-07-24,NSE-EQ - Z,Book Voucher,113.723096,0,106.665779
Net settlement  for  NSE-Equity with settlement number: 2019145,2019-07-31,NSE-EQ - Z,Book Voucher,88.370578,0,18.295201
Funds added using NEFT/IMPS/RTGS fromX with reference number 924909384505,2019-09-06,NSE-EQ - Z,Bank Receipts,0,5000,5018.295201
Net settlement  for  NSE-Equity with settlement number: 2019169,2019-09-06,NSE-EQ - Z,Book Voucher,1217.932689,0,3800.362512
Net settlement  for  NSE-Equity with settlement number: 2019172,2019-09-12,NSE-EQ - Z,Book Voucher,0,7582.556588,11382.9191
DP Charges for 12/09/2019,2019-09-16,NSE-EQ - Z,Journal Entry,15.93,0,11366.9891
Net settlement  for  NSE-Equity with settlement number: 2019175,2019-09-17,NSE-EQ - Z,Book Voucher,351.046672,0,11015.942428
Net settlement  for  NSE-Equity with settlement number: 2019176,2019-09-18,NSE-EQ - Z,Book Voucher,2097.119928,0,8918.8225
Net settlement  for  NSE-Equity with settlement number: 2019177,2019-09-19,NSE-EQ - Z,Book Voucher,4072.615976,0,4846.206524
Net settlement  for  NSE-Equity with settlement number: 2019178,2019-09-20,NSE-EQ - Z,Book Voucher,2849.39456,0,1996.811964
Net settlement  for  NSE-Equity with settlement number: 2019181,2019-09-25,NSE-EQ - Z,Book Voucher,0,2419.047644,4415.859608
Net settlement  for  NSE-Equity with settlement number: 2019182,2019-09-26,NSE-EQ - Z,Book Voucher,2086.018826,0,2329.840782
DP Charges for 25/09/2019,2019-09-27,NSE-EQ - Z,Journal Entry,15.93,0,2313.910782
Net settlement  for  NSE-Equity with settlement number: 2019183,2019-09-27,NSE-EQ - Z,Book Voucher,839.095055,0,1474.815727
Net settlement  for  NSE-Equity with settlement number: 2019184,2019-09-30,NSE-EQ - Z,Book Voucher,948.272079,0,526.543648
Net settlement  for  NSE-Equity with settlement number: 2019185,2019-10-01,NSE-EQ - Z,Book Voucher,0.68752,0,525.856128
DP Charges for 30/09/2019,2019-10-03,NSE-EQ - Z,Journal Entry,15.93,0,12.514916
Net settlement  for  NSE-Equity with settlement number: 2019186,2019-10-03,NSE-EQ - Z,Book Voucher,497.411212,0,28.444916
DP Charges for 01/10/2019,2019-10-04,NSE-EQ - Z,Journal Entry,15.93,0,-3.415084
Net settlement  for  NSE-Equity with settlement number: 2019187,2019-10-04,NSE-EQ - Z,Book Voucher,0,175.162389,171.747305
Net settlement  for  NSE-Equity with settlement number: 2019188,2019-10-07,NSE-EQ - Z,Book Voucher,124.624179,0,47.123126
DP Charges for 04/10/2019,2019-10-09,NSE-EQ - Z,Journal Entry,15.93,0,31.193126
Net settlement  for  NSE-Equity with settlement number: 2019191,2019-10-11,NSE-EQ - Z,Book Voucher,0,55.752768,86.945894
Funds added using NEFT/IMPS/RTGS fromX with reference number 928709328485,2019-10-14,NSE-EQ - Z,Bank Receipts,0,3500,3586.945894
Settlement Value for 2018051,2018-03-15,NSE-EQ - Z,Book Voucher,544.502,0,-311.094
Net settlement  for  NSE-Equity with settlement number: 2019192,2019-10-14,NSE-EQ - Z,Book Voucher,3548.063867,0,38.882027
DP Charges for 11/10/2019,2019-10-15,NSE-EQ - Z,Journal Entry,15.93,0,22.952027
Net settlement  for  NSE-Equity with settlement number: 2019195,2019-10-17,NSE-EQ - Z,Book Voucher,20.02629,0,2.925737
DP Charges for 17/10/2019,2019-10-22,NSE-EQ - Z,Journal Entry,15.93,0,-13.004263
Net settlement  for  NSE-Equity with settlement number: 2019197,2019-10-22,NSE-EQ - Z,Book Voucher,0,2078.181512,2065.177249
Net settlement  for  NSE-Equity with settlement number: 2019198,2019-10-23,NSE-EQ - Z,Book Voucher,1324.24325,0,740.933999
DP Charges for 22/10/2019,2019-10-24,NSE-EQ - Z,Journal Entry,15.93,0,725.003999
Net settlement  for  NSE-Equity with settlement number: 2019199,2019-10-24,NSE-EQ - Z,Book Voucher,666.977957,0,58.026042
Net settlement  for  NSE-Equity with settlement number: 2019206,2019-11-04,NSE-EQ - Z,Book Voucher,0,1478.841162,1536.867204
DP Charges for 04/11/2019,2019-11-06,NSE-EQ - Z,Journal Entry,15.93,0,1520.937204
AMC for Demat Account for 01-04-2019 to 01-07-2019,2019-11-06,NSE-EQ - Z,Journal Entry,88.5,0,1432.437204
Net settlement  for  NSE-Equity with settlement number: 2019216,2019-11-19,NSE-EQ - Z,Book Voucher,307.0423,0,1125.394904
Net settlement  for  NSE-Equity with settlement number: 2019218,2019-11-21,NSE-EQ - Z,Book Voucher,0,6424.84923,7550.244134
DP Charges for 21/11/2019,2019-11-25,NSE-EQ - Z,Journal Entry,15.93,0,7534.314134
Net settlement  for  NSE-Equity with settlement number: 2019220,2019-11-25,NSE-EQ - Z,Book Voucher,1085.619545,0,6448.694589
Net settlement  for  NSE-Equity with settlement number: 2019230,2019-12-09,NSE-EQ - Z,Book Voucher,0,1095.129288,7543.823877
Net settlement  for  NSE-Equity with settlement number: 2019231,2019-12-10,NSE-EQ - Z,Book Voucher,1541.1647,0,6002.659177
DP Charges for 09/12/2019,2019-12-11,NSE-EQ - Z,Journal Entry,15.93,0,5986.729177
Net settlement  for  NSE-Equity with settlement number: 2019232,2019-12-11,NSE-EQ - Z,Book Voucher,1745.484997,0,4241.24418
Net settlement  for  NSE-Equity with settlement number: 2019237,2019-12-18,NSE-EQ - Z,Book Voucher,0,1588.55665,5829.80083
AMC for Demat Account for 01-07-2019 to 30-09-2019,2019-12-18,NSE-EQ - Z,Journal Entry,88.5,0,5741.30083
DP Charges for 18/12/2019,2019-12-20,NSE-EQ - Z,Journal Entry,15.93,0,5725.37083
Net settlement  for  NSE-Equity with settlement number: 2019243,2019-12-27,NSE-EQ - Z,Book Voucher,0,1767.81235,7493.18318
DP Charges for 27/12/2019,2019-12-31,NSE-EQ - Z,Journal Entry,15.93,0,7477.25318
Net settlement  for  NSE-Equity with settlement number: 2020006,2020-01-08,NSE-EQ - Z,Book Voucher,0,283.063738,7760.316918
DP Charges for 08/01/2020,2020-01-10,NSE-EQ - Z,Journal Entry,15.93,0,7744.386918
DP Charges for 08/01/2020,2020-01-10,NSE-EQ - Z,Journal Entry,15.93,0,7728.456918
Net settlement  for  NSE-Equity with settlement number: 2020010,2020-01-14,NSE-EQ - Z,Book Voucher,0,140.613467,7869.070385
DP Charges for 14/01/2020,2020-01-16,NSE-EQ - Z,Journal Entry,15.93,0,7853.140385
Net settlement  for  NSE-Equity with settlement number: 2020013,2020-01-17,NSE-EQ - Z,Book Voucher,649.826253,0,7203.314132
Net settlement  for  NSE-Equity with settlement number: 2020018,2020-01-24,NSE-EQ - Z,Book Voucher,197.431412,0,7005.88272
Net settlement  for  NSE-Equity with settlement number: 2020019,2020-01-27,NSE-EQ - Z,Book Voucher,1433.054059,0,5572.828661
Net settlement  for  NSE-Equity with settlement number: 2020020,2020-01-28,NSE-EQ - Z,Book Voucher,929.454032,0,4643.374629
Net settlement  for  NSE-Equity with settlement number: 2020021,2020-01-29,NSE-EQ - Z,Book Voucher,694.580699,0,3948.79393
Net settlement  for  NSE-Equity with settlement number: 2020022,2020-01-30,NSE-EQ - Z,Book Voucher,1126.023559,0,2822.770371
Net settlement  for  NSE-Equity with settlement number: 2020023,2020-01-31,NSE-EQ - Z,Book Voucher,192.730945,0,2630.039426
Net settlement  for  NSE-Equity with settlement number: 2020024,2020-02-01,NSE-EQ - Z,Book Voucher,2590.568848,0,39.470578
Funds added using NEFT/IMPS/RTGS fromX with reference number 3415421941,2020-02-03,NSE-EQ - Z,Bank Receipts,0,2000,2039.470578
Net settlement  for  NSE-Equity with settlement number: 2020025,2020-02-03,NSE-EQ - Z,Book Voucher,599.021206,0,1440.449372
Net settlement  for  NSE-Equity with settlement number: 2020027,2020-02-05,NSE-EQ - Z,Book Voucher,216.383294,0,1224.066078
Net settlement  for  NSE-Equity with settlement number: 2020029,2020-02-07,NSE-EQ - Z,Book Voucher,215.03316,0,1009.032918
Net settlement  for  NSE-Equity with settlement number: 2020030,2020-02-10,NSE-EQ - Z,Book Voucher,212.032862,0,797.000056
Net settlement  for  NSE-Equity with settlement number: 2020032,2020-02-12,NSE-EQ - Z,Book Voucher,212.032862,0,584.967194
Net settlement  for  NSE-Equity with settlement number: 2020033,2020-02-13,NSE-EQ - Z,Book Voucher,424.253944,0,160.71325
Net settlement  for  NSE-Equity with settlement number: 2020034,2020-02-14,NSE-EQ - Z,Book Voucher,40.015774,0,120.697476
Net settlement  for  NSE-Equity with settlement number: 2020036,2020-02-18,NSE-EQ - Z,Book Voucher,1752.885732,0,-1632.188256
Funds added using NEFT/IMPS/RTGS fromX with reference number 4909704251,2020-02-18,NSE-EQ - Z,Bank Receipts,0,4000,2367.811744
Net settlement  for  NSE-Equity with settlement number: 2020037,2020-02-19,NSE-EQ - Z,Book Voucher,205.132177,0,2162.679567
AMC for Demat Account for 30-09-2019 to 30-12-2019,2020-02-19,NSE-EQ - Z,Journal Entry,88.5,0,2074.179567
Net settlement  for  NSE-Equity with settlement number: 2020039,2020-02-24,NSE-EQ - Z,Book Voucher,879.549074,0,1194.630493
Net settlement  for  NSE-Equity with settlement number: 2020040,2020-02-25,NSE-EQ - Z,Book Voucher,294.191024,0,900.439469
Net settlement  for  NSE-Equity with settlement number: 2020042,2020-02-27,NSE-EQ - Z,Book Voucher,806.841851,0,93.597618
Net settlement  for  NSE-Equity with settlement number: 2020046,2020-03-04,NSE-EQ - Z,Book Voucher,37.665541,0,55.932077
Net settlement  for  NSE-Equity with settlement number: 2020048,2020-03-06,NSE-EQ - Z,Book Voucher,1937.885179,0,3118.046898
Funds added using NEFT/IMPS/RTGS fromX with reference number 6611523750,2020-03-06,NSE-EQ - Z,Bank Receipts,0,5000,5055.932077
Net settlement  for  NSE-Equity with settlement number: 2020049,2020-03-09,NSE-EQ - Z,Book Voucher,11092.237548,0,-7974.19065
Funds added using UPIX with reference number 6913826960,2020-03-09,NSE-EQ - Z,Bank Receipts,0,10000,2025.80935
DP Charges for 06/03/2020,2020-03-11,NSE-EQ - Z,Journal Entry,15.93,0,2009.87935
Net settlement  for  NSE-Equity with settlement number: 2020050,2020-03-11,NSE-EQ - Z,Book Voucher,1169.7279,0,840.15145
Net settlement  for  NSE-Equity with settlement number: 2020051,2020-03-12,NSE-EQ - Z,Book Voucher,2402.80889,0,-1562.65744
Funds added using UPIX with reference number 7212214506,2020-03-12,NSE-EQ - Z,Bank Receipts,0,2000,437.34256
Net settlement  for  NSE-Equity with settlement number: 2020052,2020-03-13,NSE-EQ - Z,Book Voucher,344.346006,0,92.996554
Net settlement  for  NSE-Equity with settlement number: 2020053,2020-03-16,NSE-EQ - Z,Book Voucher,68.441919,0,24.554635
DP Charges for 16/03/2020,2020-03-18,NSE-EQ - Z,Journal Entry,15.93,0,8.624635
Net settlement  for  NSE-Equity with settlement number: 2020056,2020-03-19,NSE-EQ - Z,Book Voucher,9849.289236,0,-9840.664601
Funds added using UPIX with reference number 7910545475,2020-03-19,NSE-EQ - Z,Bank Receipts,0,10000,159.335399
Net settlement  for  NSE-Equity with settlement number: 2020057,2020-03-20,NSE-EQ - Z,Book Voucher,78.269574,0,81.065825
Net settlement  for  NSE-Equity with settlement number: 2020058,2020-03-23,NSE-EQ - Z,Book Voucher,17455.641774,0,-17374.575949
Funds added using payment gateway fromX with reference number IGAIJHSLR3,2020-03-23,NSE-EQ - Z,Bank Receipts,0,8000,-9374.575949
Being payment gateway charges debited forX,2020-03-23,NSE-EQ - Z,Journal Entry,10.62,0,-9385.195949
Funds added using UPIX with reference number 8220158388,2020-03-23,NSE-EQ - Z,Bank Receipts,0,20000,10614.804051
Net settlement  for  NSE-Equity with settlement number: 2020059,2020-03-24,NSE-EQ - Z,Book Voucher,1182.179137,0,9432.624914
Net settlement  for  NSE-Equity with settlement number: 2020060,2020-03-25,NSE-EQ - Z,Book Voucher,716.33286,0,8716.292054
Net settlement  for  NSE-Equity with settlement number: 2020061,2020-03-26,NSE-EQ - Z,Book Voucher,777.588945,0,7938.703109
Net settlement  for  NSE-Equity with settlement number: 2020062,2020-03-27,NSE-EQ - Z,Book Voucher,3143.23298,0,4795.470129
Net settlement  for  NSE-Equity with settlement number: 2020064,2020-03-31,NSE-EQ - Z,Book Voucher,2484.608422,0,2310.861707
AMC for Demat Account for 30-12-2019 to 30-03-2020,2020-03-31,NSE-EQ - Z,Journal Entry,88.5,0,2222.361707
Net settlement  for  NSE-Equity with settlement number: 2020065,2020-04-01,NSE-EQ - Z,Book Voucher,229.434591,0,1992.927116
Net settlement  for  NSE-Equity with settlement number: 2020066,2020-04-03,NSE-EQ - Z,Book Voucher,1738.041699,0,254.885417
Net settlement  for  NSE-Equity with settlement number: 2020076,2020-04-22,NSE-EQ - Z,Book Voucher,66.318387,0,188.56703
Net settlement  for  NSE-Equity with settlement number: 2020083,2020-05-04,NSE-EQ - Z,Book Voucher,20.763862,0,167.803168
Net settlement  for  NSE-Equity with settlement number: 2020084,2020-05-05,NSE-EQ - Z,Book Voucher,109.072634,0,58.730534
Net settlement  for  NSE-Equity with settlement number: 2020093,2020-05-18,NSE-EQ - Z,Book Voucher,0,2324.457583,2383.188117
Net settlement  for  NSE-Equity with settlement number: 2020094,2020-05-19,NSE-EQ - Z,Book Voucher,739.78519,0,1643.402927
DP Charges for Sale of RUCHI on 18/05/2020,2020-05-20,NSE-EQ - Z,Journal Entry,15.93,0,1627.472927
Net settlement  for  NSE-Equity with settlement number: 2020095,2020-05-20,NSE-EQ - Z,Book Voucher,615.107508,0,1012.365419
Net settlement  for  NSE-Equity with settlement number: 2020096,2020-05-21,NSE-EQ - Z,Book Voucher,985.5096,0,26.855819
DP Charges for Sale of TATAMTRDVR on 20/05/2020,2020-05-22,NSE-EQ - Z,Journal Entry,15.93,0,10.925819
Net settlement  for  NSE-Equity with settlement number: 2020101,2020-05-29,NSE-EQ - Z,Book Voucher,0,579.330537,590.256356
DP Charges for Sale of TATASTEEL on 29/05/2020,2020-06-02,NSE-EQ - Z,Journal Entry,15.93,0,574.326356
Net settlement  for  NSE-Equity with settlement number: 2020107,2020-06-08,NSE-EQ - Z,Book Voucher,0,6340.110824,6914.43718
DP Charges for Sale of BIRLAMONEY on 08/06/2020,2020-06-10,NSE-EQ - Z,Journal Entry,15.93,0,6898.50718
Net settlement  for  NSE-Equity with settlement number: 2020109,2020-06-10,NSE-EQ - Z,Book Voucher,0,5187.724847,12086.232027
DP Charges for Sale of BAJAJFINSV on 10/06/2020,2020-06-12,NSE-EQ - Z,Journal Entry,15.93,0,12070.302027
Net settlement  for  NSE-Equity with settlement number: 2020112,2020-06-15,NSE-EQ - Z,Book Voucher,0,1172.07569,13242.377717
DP Charges for Sale of ABFRL on 15/06/2020,2020-06-17,NSE-EQ - Z,Journal Entry,15.93,0,13226.447717
Net settlement  for  NSE-Equity with settlement number: 2020124,2020-07-01,NSE-EQ - Z,Book Voucher,0,7454.698301,20681.146018
DP Charges for Sale of RADICO on 01/07/2020,2020-07-03,NSE-EQ - Z,Journal Entry,15.93,0,20665.216018
AMC for Demat Account for 30-03-2020 to 29-06-2020,2020-07-21,NSE-EQ - Z,Journal Entry,88.5,0,20576.716018
Net settlement  for  NSE-Equity with settlement number: 2020139,2020-07-22,NSE-EQ - Z,Book Voucher,0,1813.423024,22390.139042
DP Charges for Sale of TRENT on 22/07/2020,2020-07-24,NSE-EQ - Z,Journal Entry,15.93,0,22374.209042
Net settlement  for  NSE-Equity with settlement number: 2020142,2020-07-27,NSE-EQ - Z,Book Voucher,904.546901,0,21469.662141
Net settlement  for  NSE-Equity with settlement number: 2020147,2020-08-03,NSE-EQ - Z,Book Voucher,0,1121.951197,22591.613338
DP Charges for Sale of TRENT on 03/08/2020,2020-08-03,NSE-EQ - Z,Journal Entry,15.93,0,22575.683338
Net settlement  for  NSE-Equity with settlement number: 2020148,2020-08-04,NSE-EQ - Z,Book Voucher,0,552.768319,23128.451657
DP Charges for Sale of TRENT on 04/08/2020,2020-08-04,NSE-EQ - Z,Journal Entry,15.93,0,23112.521657
Net settlement  for  NSE-Equity with settlement number: 2020149,2020-08-05,NSE-EQ - Z,Book Voucher,0,2851.861274,25964.382931
DP Charges for Sale of PIDILITIND on 05/08/2020,2020-08-05,NSE-EQ - Z,Journal Entry,15.93,0,25948.452931
Net settlement  for  NSE-Equity with settlement number: 2020150,2020-08-06,NSE-EQ - Z,Book Voucher,262.420446,0,25686.032485
Net settlement  for  NSE-Equity with settlement number: 2020152,2020-08-10,NSE-EQ - Z,Book Voucher,0,8168.509359,33854.541844
DP Charges for Sale of TATAELXSI on 10/08/2020,2020-08-10,NSE-EQ - Z,Journal Entry,15.93,0,33838.611844
DP Charges for Sale of M&M on 10/08/2020,2020-08-10,NSE-EQ - Z,Journal Entry,15.93,0,33822.681844
Net settlement  for  NSE-Equity with settlement number: 2020153,2020-08-11,NSE-EQ - Z,Book Voucher,0,6083.784437,39890.536281
DP Charges for Sale of FRETAIL on 11/08/2020,2020-08-11,NSE-EQ - Z,Journal Entry,15.93,0,33806.751844
DP Charges for Sale of TATAELXSI on 11/08/2020,2020-08-11,NSE-EQ - Z,Journal Entry,15.93,0,39874.606281
Net settlement  for  NSE-Equity with settlement number: 2020154,2020-08-12,NSE-EQ - Z,Book Voucher,0,4242.435747,44117.042028
DP Charges for Sale of TITAN on 12/08/2020,2020-08-12,NSE-EQ - Z,Journal Entry,15.93,0,44101.112028
Net settlement  for  NSE-Equity with settlement number: 2020155,2020-08-13,NSE-EQ - Z,Book Voucher,433.143079,0,43667.968949
DP Charges for Sale of JPASSOCIAT on 13/08/2020,2020-08-13,NSE-EQ - Z,Journal Entry,15.93,0,43652.038949
Net settlement  for  NSE-Equity with settlement number: 2020164,2020-08-26,NSE-EQ - Z,Book Voucher,0,10079.155751,53731.1947
DP Charges for Sale of BEPL on 26/08/2020,2020-08-26,NSE-EQ - Z,Journal Entry,15.93,0,53715.2647
Net settlement  for  NSE-Equity with settlement number: 2020171,2020-09-04,NSE-EQ - Z,Book Voucher,188.018549,0,53527.246151
DP Charges for Sale of TIRUMALCHM on 07/09/2020,2020-09-07,NSE-EQ - Z,Journal Entry,15.93,0,53511.316151
Net settlement  for  NSE-Equity with settlement number: 2020172,2020-09-07,NSE-EQ - Z,Book Voucher,0,4648.871119,58160.18727
Net settlement  for  NSE-Equity with settlement number: 2020174,2020-09-09,NSE-EQ - Z,Book Voucher,2423.444896,0,55736.742374
Net settlement  for  NSE-Equity with settlement number: 2020176,2020-09-11,NSE-EQ - Z,Book Voucher,658.783473,0,55077.958901
Net settlement  for  NSE-Equity with settlement number: 2020177,2020-09-14,NSE-EQ - Z,Book Voucher,41178.188593,0,13899.770308
Net settlement  for  NSE-Equity with settlement number: 2020178,2020-09-15,NSE-EQ - Z,Book Voucher,10972.892216,0,2926.878092
Net settlement  for  NSE-Equity with settlement number: 2020180,2020-09-17,NSE-EQ - Z,Book Voucher,678.936248,0,2247.941844
Net settlement  for  NSE-Equity with settlement number: 2020181,2020-09-18,NSE-EQ - Z,Book Voucher,1785.873524,0,462.06832
Net settlement  for  NSE-Equity with settlement number: 2020182,2020-09-21,NSE-EQ - Z,Book Voucher,441.726879,0,20.341441
Net settlement  for  NSE-Equity with settlement number: 2020197,2020-10-13,NSE-EQ - Z,Book Voucher,0,303.977286,324.318727
DP Charges for Sale of SPTL on 13/10/2020,2020-10-13,NSE-EQ - Z,Journal Entry,15.93,0,308.388727
AMC for Demat Account for 29-06-2020 to 28-09-2020,2020-10-20,NSE-EQ - Z,Journal Entry,88.5,0,219.888727
DP Charges for Sale of PGHH on 21/10/2020,2020-10-21,NSE-EQ - Z,Journal Entry,15.93,0,203.958727
Net settlement  for  NSE-Equity with settlement number: 2020203,2020-10-21,NSE-EQ - Z,Book Voucher,0,8390.586161,8594.544888
Net settlement  for  NSE-Equity with settlement number: 2020208,2020-10-28,NSE-EQ - Z,Book Voucher,165.217731,0,8429.327157
Net settlement  for  NSE-Equity with settlement number: 2020209,2020-10-29,NSE-EQ - Z,Book Voucher,2002.389512,0,6426.937645
Net settlement  for  NSE-Equity with settlement number: 2020213,2020-11-04,NSE-EQ - Z,Book Voucher,1872.884481,0,4554.053164
Net settlement  for  NSE-Equity with settlement number: 2020221,2020-11-14,NSE-EQ - Z,Book Voucher,440.527313,0,4113.525851
Brokerage reversal on account on Muhurat Trading,2020-11-14,NSE-EQ - Z,Journal Entry,0,0.0118,4113.537651
Net settlement  for  NSE-Equity with settlement number: 2020222,2020-11-17,NSE-EQ - Z,Book Voucher,0,4852.278147,8965.815798
Charges for sale of ASHOKLEY on 2020-11-17,2020-11-17,NSE-EQ - Z,Journal Entry,15.93,0,8949.885798
Net settlement  for  NSE-Equity with settlement number: 2020224,2020-11-19,NSE-EQ - Z,Book Voucher,0,6749.195643,15699.081441
Charges for sale of SPICEJET on 2020-11-19,2020-11-19,NSE-EQ - Z,Journal Entry,15.93,0,15683.151441
DP Charges for sale of DELTACORP on 2020-12-04,2020-12-04,NSE-EQ - Z,Journal Entry,15.93,0,15667.221441
Net settlement  for  NSE-Equity with settlement number: 2020234,2020-12-04,NSE-EQ - Z,Book Voucher,0,1501.934206,17169.155647
Net settlement  for  NSE-Equity with settlement number: 2020246,2020-12-22,NSE-EQ - Z,Book Voucher,0,34365.353218,51534.508865
DP Charges for sale of HONAUT on 2020-12-22,2020-12-22,NSE-EQ - Z,Journal Entry,15.93,0,51518.578865
DP Charges for sale of DELTACORP on 2020-12-30,2020-12-30,NSE-EQ - Z,Journal Entry,15.93,0,65669.879364
DP Charges for sale of INDIGO on 2020-12-30,2020-12-30,NSE-EQ - Z,Journal Entry,15.93,0,65685.809364
Net settlement  for  NSE-Equity with settlement number: 2020251,2020-12-30,NSE-EQ - Z,Book Voucher,0,14183.160499,65701.739364
Net settlement  for  NSE-Equity with settlement number: 2021006,2021-01-08,NSE-EQ - Z,Book Voucher,1006.053216,0,64663.826148
AMC for Demat Account for 28-09-2020 to 28-12-2020,2021-01-11,NSE-EQ - Z,Journal Entry,88.5,0,64575.326148
Net settlement  for  NSE-Equity with settlement number: 2021009,2021-01-13,NSE-EQ - Z,Book Voucher,2697.008511,0,61878.317637
Net settlement  for  NSE-Equity with settlement number: 2021010,2021-01-14,NSE-EQ - Z,Book Voucher,968.71622,0,60909.601417
Net settlement  for  NSE-Equity with settlement number: 2021012,2021-01-18,NSE-EQ - Z,Book Voucher,1327.555508,0,59582.045909
Payout of 5000.0/- to State Bank of India 20176720803 A/C number as per withdrawal request made on 2021-01-19,2021-01-19,NSE-EQ - Z,Bank Payments,5000,0,54582.045909
Net settlement  for  NSE-Equity with settlement number: 2021015,2021-01-21,NSE-EQ - Z,Book Voucher,14602.4854,0,39979.560509
Payout of 15000.0/- to State Bank of India 20176720803 A/C number as per withdrawal request made on 2021-01-21,2021-01-21,NSE-EQ - Z,Bank Payments,15000,0,24979.560509
Net settlement  for  NSE-Equity with settlement number: 2021017,2021-01-25,NSE-EQ - Z,Book Voucher,5873.325398,0,19106.235111
Net settlement  for  NSE-Equity with settlement number: 2021018,2021-01-27,NSE-EQ - Z,Book Voucher,0,3734.227186,22824.532297
DP Charges for Sale of TATAMOTORS on 27/01/2021,2021-01-27,NSE-EQ - Z,Journal Entry,15.93,0,19090.305111
Net settlement  for  NSE-Equity with settlement number: 2021019,2021-01-28,NSE-EQ - Z,Book Voucher,4694.180099,0,18130.352198
Net settlement  for  NSE-Equity with settlement number: 2021020,2021-01-29,NSE-EQ - Z,Book Voucher,4934.334362,0,13196.017836
Net settlement  for  NSE-Equity with settlement number: 2021021,2021-02-01,NSE-EQ - Z,Book Voucher,2222.084949,0,10973.932887
Net settlement  for  NSE-Equity with settlement number: 2021024,2021-02-04,NSE-EQ - Z,Book Voucher,2409.811021,0,8564.121866
Net settlement  for  NSE-Equity with settlement number: 2021025,2021-02-05,NSE-EQ - Z,Book Voucher,1338.905882,0,7225.215984
DP Charges for sale of PEL on 2021-03-12,2021-03-12,NSE-EQ - Z,Journal Entry,15.93,0,7209.285984
Net settlement  for  NSE-Equity with settlement number: 2021049,2021-03-12,NSE-EQ - Z,Book Voucher,0,15115.964626,22325.25061
Net settlement  for  NSE-Equity with settlement number: 2021054,2021-03-19,NSE-EQ - Z,Book Voucher,1158.049923,0,21167.200687
Payout of 20000.0/- to State Bank of India 20176720803 A/C number as per withdrawal request made on 2021-03-28,2021-03-30,NSE-EQ - Z,Bank Payments,20000,0,1167.200687
Net settlement  for  NSE-Equity with settlement number: 2021063,2021-04-05,NSE-EQ - Z,Book Voucher,543.529675,0,623.671012
Net settlement  for  NSE-Equity with settlement number: 2021068,2021-04-12,NSE-EQ - Z,Book Voucher,498.032281,0,125.638731
DP Charges for Sale of MINDACORP on 25/06/2021,2021-06-25,NSE-EQ - Z,Journal Entry,15.93,0,109.708731
Net settlement  for  NSE-Equity with settlement number: 2021119,2021-06-25,NSE-EQ - Z,Book Voucher,0,2487.804913,2597.513644
DP Charges for Sale of NBCC on 07/07/2021,2021-07-07,NSE-EQ - Z,Journal Entry,15.93,0,2581.583644
Net settlement  for  Equity with settlement number: 2021127,2021-07-07,NSE-EQ - Z,Book Voucher,0,4574.335016,7155.91866
Net settlement for Equity with settlement number: 2021150,2021-08-10,NSE-EQ - Z,Book Voucher,0,4470.801548,11626.720208
DP Charges for Sale of DELTACORP on 10/08/2021,2021-08-10,NSE-EQ - Z,Journal Entry,15.93,0,11610.790208
Payout of 10000.0/- to State Bank of India 20176720803 A/C number as per withdrawal request made on 2021-08-13,2021-08-13,NSE-EQ - Z,Bank Payments,10000,0,1610.790208
DP Charges for sale of GMBREW on 2021-09-09,2021-09-09,NSE-EQ - Z,Journal Entry,15.93,0,1594.860208
Net settlement for Equity with settlement number: 2021171,2021-09-09,NSE-EQ - Z,Book Voucher,0,11589.854266,13184.714474
DP Charges for sale of MARUTI on 2021-09-14,2021-09-14,NSE-EQ - Z,Journal Entry,15.93,0,13168.784474
Net settlement for Equity with settlement number: 2021173,2021-09-14,NSE-EQ - Z,Book Voucher,0,6926.698983,20095.483457
AMC for Demat Account for 29-12-2020 to 29-03-2021,2021-09-14,NSE-EQ - Z,Journal Entry,88.5,0,20006.983457
Payout of 13000.0/- to State Bank of India 20176720803 A/C number as per withdrawal request made on 2021-09-16,2021-09-16,NSE-EQ - Z,Bank Payments,13000,0,7006.983457
Payout of 5000.0/- to State Bank of India 20176720803 A/C number as per withdrawal request made on 2021-09-17,2021-09-17,NSE-EQ - Z,Bank Payments,5000,0,2006.983457
Funds transferred back to primary bank account as part of quarterly settlement,2021-10-18,NSE-EQ - Z,Bank Payments,2006.98,0,0.003457
AMC for Demat Account for 2021-03-30 to 2021-06-27,2021-10-28,NSE-EQ - Z,Journal Entry,88.5,0,-88.496543
Funds added using UPIX with reference number 130870313988,2021-11-04,NSE-EQ - Z,Bank Receipts,0,2000,1911.503457
Net settlement for Equity with settlement number: 2021209,2021-11-04,NSE-EQ - Z,Book Voucher,577.085827,0,1334.41763
Net settlement for Equity with settlement number: 2021226,2021-12-01,NSE-EQ - Z,Book Voucher,665.039496,0,669.378134
DP Charges for Sale of RANEHOLDIN on 31/12/2021,2021-12-31,NSE-EQ - Z,Journal Entry,15.93,0,653.448134
Net settlement for Equity with settlement number: 2021248,2021-12-31,NSE-EQ - Z,Book Voucher,0,1903.974443,2557.422577
Funds transferred back to primary bank account as part of quarterly settlement,2022-01-11,NSE-EQ - Z,Bank Payments,2557.42,0,0.002577
Net settlement for Equity with settlement number: 2022016,2022-01-24,NSE-EQ - Z,Book Voucher,14656.745467,0,-14656.74289
Funds added using payment gateway fromX with reference number IGAMWMSTB7,2022-01-24,NSE-EQ - Z,Bank Receipts,0,20000,5343.25711
Being payment gateway charges debited forX,2022-01-24,NSE-EQ - Z,Journal Entry,10.62,0,5332.63711
Funds added using UPIX with reference number 202414159385,2022-01-24,NSE-EQ - Z,Bank Receipts,0,20000,25332.63711
Net settlement for Equity with settlement number: 2022018,2022-01-27,NSE-EQ - Z,Book Voucher,4870.956365,0,20461.680745
Net settlement for Equity with settlement number: 2022019,2022-01-28,NSE-EQ - Z,Book Voucher,626.037869,0,19835.642876
Net settlement for Equity with settlement number: 2022025,2022-02-07,NSE-EQ - Z,Book Voucher,3351.0514,0,16484.591476
Net settlement for Equity with settlement number: 2022026,2022-02-08,NSE-EQ - Z,Book Voucher,1099.257606,0,15385.33387
Net settlement for Equity with settlement number: 2022030,2022-02-14,NSE-EQ - Z,Book Voucher,4149.077335,0,11236.256535
Net settlement for Equity with settlement number: 2022031,2022-02-15,NSE-EQ - Z,Book Voucher,631.788109,0,10604.468426
Net settlement for Equity with settlement number: 2022032,2022-02-16,NSE-EQ - Z,Book Voucher,252.022311,0,10352.446115
Net settlement for Equity with settlement number: 2022033,2022-02-17,NSE-EQ - Z,Book Voucher,1223.562791,0,9128.883324
Net settlement for Equity with settlement number: 2022036,2022-02-22,NSE-EQ - Z,Book Voucher,6073.114808,0,3055.768516
DP Charges for Sale of TRENT on 24/02/2022,2022-02-24,NSE-EQ - Z,Journal Entry,15.93,0,3039.838516
DP Charges for Sale of BIOCON on 24/02/2022,2022-02-24,NSE-EQ - Z,Journal Entry,15.93,0,3023.908516
DP Charges for Sale of AUROPHARMA on 24/02/2022,2022-02-24,NSE-EQ - Z,Journal Entry,15.93,0,3007.978516
Net settlement for Equity with settlement number: 2022038,2022-02-24,NSE-EQ - Z,Book Voucher,0,2136.555005,5144.533521
Net settlement for Equity with settlement number: 2022040,2022-02-28,NSE-EQ - Z,Book Voucher,1964.743663,0,3179.789858
Funds added using payment gateway fromX with reference number IGANCOMEL9,2022-03-02,NSE-EQ - Z,Bank Receipts,0,50000,53179.789858
Being payment gateway charges debited forX,2022-03-02,NSE-EQ - Z,Journal Entry,10.62,0,53169.169858
Net settlement for Equity with settlement number: 2022041,2022-03-02,NSE-EQ - Z,Book Voucher,3045.538699,0,50123.631159
Net settlement for Equity with settlement number: 2022042,2022-03-03,NSE-EQ - Z,Book Voucher,4384.53209,0,45739.099069
Net settlement for Equity with settlement number: 2022043,2022-03-04,NSE-EQ - Z,Book Voucher,13073.389191,0,32665.709878
Net settlement for Equity with settlement number: 2022044,2022-03-07,NSE-EQ - Z,Book Voucher,12659.516819,0,20006.193059
DP Charges for Sale of NYKAA on 08/03/2022,2022-03-08,NSE-EQ - Z,Journal Entry,15.93,0,19990.263059
Securities Transaction Tax  on 2022-03-07 for 2022044,2022-03-08,NSE-EQ - Z,Book Voucher,13,0,19977.263059
Net settlement for Equity with settlement number: 2022045,2022-03-08,NSE-EQ - Z,Book Voucher,4431.036055,0,15546.227004
DP Charges for Sale of NYKAA on 08/03/2022,2022-03-09,NSE-EQ - Z,Journal Entry,15.93,0,15530.297004
Net settlement for Equity with settlement number: 2022046,2022-03-09,NSE-EQ - Z,Book Voucher,727.336095,0,14802.960909
Net settlement for Equity with settlement number: 2022047,2022-03-10,NSE-EQ - Z,Book Voucher,4119.083392,0,10683.877517
Net settlement for Equity with settlement number: 2022050,2022-03-15,NSE-EQ - Z,Book Voucher,1268.854208,0,9415.023309
DP Charges for Sale of MANAPPURAM on 22/03/2022,2022-03-22,NSE-EQ - Z,Journal Entry,15.93,0,9399.093309
Net settlement for Equity with settlement number: 2022054,2022-03-22,NSE-EQ - Z,Book Voucher,0,1221.37215,10620.465459
AMC for Demat Account for 28-06-2021 to 26-09-2021,2022-03-22,NSE-EQ - Z,Journal Entry,88.5,0,10531.965459
DP Charges for Sale of IDFCFIRSTB on 29/03/2022,2022-03-29,NSE-EQ - Z,Journal Entry,15.93,0,10516.035459
Net settlement for Equity with settlement number: 2022059,2022-03-29,NSE-EQ - Z,Book Voucher,0,12094.483217,22610.518676
Funds transferred back as part of quarterly settlement,2022-04-05,NSE-EQ - Z,Bank Payments,22610.52,0,-0.001324
DP Charges for Sale of ALOKINDS on 07/04/2022,2022-04-07,NSE-EQ - Z,Journal Entry,15.93,0,30063.374357
Net settlement for Equity with settlement number: 2022066,2022-04-07,NSE-EQ - Z,Book Voucher,0,5089.925681,5079.304357
Funds added using payment gateway fromX with reference number IGANIMALA8,2022-04-07,NSE-EQ - Z,Bank Receipts,0,25000,30079.304357
Being payment gateway charges debited forX,2022-04-07,NSE-EQ - Z,Journal Entry,10.62,0,-10.621324
Net settlement for Equity with settlement number: 2022085,2022-05-09,NSE-EQ - Z,Book Voucher,8280.006769,0,21783.367588
Net settlement for Equity with settlement number: 2022087,2022-05-11,NSE-EQ - Z,Book Voucher,17606.67574,0,4176.691848
Net settlement for Equity with settlement number: 2022088,2022-05-12,NSE-EQ - Z,Book Voucher,1464.972859,0,2711.718989
DP Charges for Sale of IDFCFIRSTB on 16/05/2022,2022-05-16,NSE-EQ - Z,Journal Entry,15.93,0,2695.788989
Funds added using payment gateway fromX with reference number IGANOYPLF2,2022-05-16,NSE-EQ - Z,Bank Receipts,0,40000,42695.788989
Being payment gateway charges debited forX,2022-05-16,NSE-EQ - Z,Journal Entry,10.62,0,42685.168989
Net settlement for Equity with settlement number: 2022090,2022-05-16,NSE-EQ - Z,Book Voucher,28386.530339,0,14298.63865
Net settlement for Equity with settlement number: 2022091,2022-05-17,NSE-EQ - Z,Book Voucher,946.051216,0,13352.587434
Net settlement for Equity with settlement number: 2022092,2022-05-18,NSE-EQ - Z,Book Voucher,5873.622691,0,7478.964743
DP Charges for Sale of ABCAPITAL on 18/05/2022,2022-05-18,NSE-EQ - Z,Journal Entry,15.93,0,7463.034743
Net settlement for Equity with settlement number: 2022093,2022-05-19,NSE-EQ - Z,Book Voucher,4955.468233,0,2507.56651
DP Charges for Sale of IDFCFIRSTB on 23/05/2022,2022-05-23,NSE-EQ - Z,Journal Entry,15.93,0,2491.63651
Net settlement for Equity with settlement number: 2022095,2022-05-23,NSE-EQ - Z,Book Voucher,0,10728.540235,13220.176745
Net settlement for Equity with settlement number: 2022096,2022-05-24,NSE-EQ - Z,Book Voucher,450.03057,0,12770.146175
Net settlement for Equity with settlement number: 2022097,2022-05-25,NSE-EQ - Z,Book Voucher,8643.48613,0,4126.660045
DP Charges for Sale of METROPOLIS on 26/05/2022,2022-05-26,NSE-EQ - Z,Journal Entry,15.93,0,4110.730045
Net settlement for Equity with settlement number: 2022098,2022-05-26,NSE-EQ - Z,Book Voucher,0,1365.548902,5476.278947
Net settlement for Equity with settlement number: 2022106,2022-06-07,NSE-EQ - Z,Book Voucher,2097.499199,0,3378.779748
Net settlement for Equity with settlement number: 2022110,2022-06-13,NSE-EQ - Z,Book Voucher,3276.783543,0,101.996205
Funds added using payment gateway fromX with reference number IGANUFWMR3,2022-06-18,NSE-EQ - Z,Bank Receipts,0,25000,25101.996205
Being payment gateway charges debited forX,2022-06-18,NSE-EQ - Z,Journal Entry,10.62,0,25091.376205
Net settlement for Equity with settlement number: 2022115,2022-06-20,NSE-EQ - Z,Book Voucher,25128.314473,0,-36.938268
DP Charges for Sale of NAUKRI on 07/07/2022,2022-07-07,NSE-EQ - Z,Journal Entry,15.93,0,-52.868268
Net settlement for Equity with settlement number: 2022128,2022-07-07,NSE-EQ - Z,Book Voucher,0,11692.549982,11639.681714
Net settlement for Equity with settlement number: 2022130,2022-07-11,NSE-EQ - Z,Book Voucher,4774.210673,0,6865.471041
Net settlement for Equity with settlement number: 2022137,2022-07-20,NSE-EQ - Z,Book Voucher,1050.555764,0,5814.915277
Net settlement for Equity with settlement number: 2022141,2022-07-26,NSE-EQ - Z,Book Voucher,2697.67821,0,3117.237067
Net settlement for Equity with settlement number: 2022142,2022-07-27,NSE-EQ - Z,Book Voucher,1559.577044,0,1557.660023
DP Charges for Sale of METROPOLIS on 03/08/2022,2022-08-03,NSE-EQ - Z,Journal Entry,15.93,0,1541.730023
Net settlement for Equity with settlement number: 2022147,2022-08-03,NSE-EQ - Z,Book Voucher,0,7848.159091,9389.889114
DP Charges for Sale of AUROPHARMA on 22/08/2022,2022-08-22,NSE-EQ - Z,Journal Entry,15.93,0,9373.959114
Net settlement for Equity with settlement number: 2022158,2022-08-22,NSE-EQ - Z,Book Voucher,0,2802.120688,12176.079802
Net settlement for Equity with settlement number: 2022159,2022-08-23,NSE-EQ - Z,Book Voucher,1304.616406,0,10871.463396
Funds blocked for SGB order SGB222302,2022-08-26,NSE-EQ - Z,Book Voucher,10294,0,577.463396
Funds added using payment gateway fromX with reference number IGAOHMOCL9,2022-09-14,NSE-EQ - Z,Bank Receipts,0,30000,30577.463396
Being payment gateway charges debited forX,2022-09-14,NSE-EQ - Z,Journal Entry,10.62,0,30566.843396
Net settlement for Equity with settlement number: 2022175,2022-09-15,NSE-EQ - Z,Book Voucher,11144.446459,0,19422.396937
DP Charges for Sale of IRCTC on 16/09/2022,2022-09-16,NSE-EQ - Z,Journal Entry,15.93,0,19406.466937
Net settlement for Equity with settlement number: 2022176,2022-09-16,NSE-EQ - Z,Book Voucher,5044.27064,0,14362.196297
Net settlement for Equity with settlement number: 2022177,2022-09-19,NSE-EQ - Z,Book Voucher,1235.163496,0,13127.032801
DP Charges for Sale of LTTS on 21/09/2022,2022-09-21,NSE-EQ - Z,Journal Entry,15.93,0,13111.102801
Net settlement for Equity with settlement number: 2022179,2022-09-21,NSE-EQ - Z,Book Voucher,0,9042.540219,22153.64302
Net settlement for Equity with settlement number: 2022180,2022-09-22,NSE-EQ - Z,Book Voucher,1042.655433,0,21110.987587
DP Charges for Sale of AUROPHARMA on 23/09/2022,2022-09-23,NSE-EQ - Z,Journal Entry,15.93,0,21095.057587
Net settlement for Equity with settlement number: 2022181,2022-09-23,NSE-EQ - Z,Book Voucher,20165.437744,0,929.619843
DP Charges for Sale of AUROPHARMA on 23/09/2022,2022-09-26,NSE-EQ - Z,Journal Entry,15.93,0,913.689843
DP Charges for Sale of VIPIND on 26/09/2022,2022-09-26,NSE-EQ - Z,Journal Entry,15.93,0,897.759843
DP Charges for Sale of ABFRL on 26/09/2022,2022-09-26,NSE-EQ - Z,Journal Entry,15.93,0,881.829843
Net settlement for Equity with settlement number: 2022182,2022-09-26,NSE-EQ - Z,Book Voucher,0,12092.151029,12973.980872
DP Charges for Sale of TATASTEEL on 27/09/2022,2022-09-27,NSE-EQ - Z,Journal Entry,15.93,0,12958.050872
Net settlement for Equity with settlement number: 2022183,2022-09-27,NSE-EQ - Z,Book Voucher,0,1953.906263,14911.957135
DP Charges for Sale of ITC on 28/09/2022,2022-09-28,NSE-EQ - Z,Journal Entry,15.93,0,14896.027135
Net settlement for Equity with settlement number: 2022184,2022-09-28,NSE-EQ - Z,Book Voucher,0,638.975927,15535.003062
DP Charges for Sale of VIPIND on 29/09/2022,2022-09-29,NSE-EQ - Z,Journal Entry,15.93,0,15519.073062
Net settlement for Equity with settlement number: 2022185,2022-09-29,NSE-EQ - Z,Book Voucher,0,6467.159591,21986.232653
DP Charges for Sale of MARUTI on 30/09/2022,2022-09-30,NSE-EQ - Z,Journal Entry,15.93,0,21970.302653
Net settlement for Equity with settlement number: 2022186,2022-09-30,NSE-EQ - Z,Book Voucher,0,25772.907438,47743.210091
Net settlement for Equity with settlement number: 2022189,2022-10-06,NSE-EQ - Z,Book Voucher,2001.379036,0,45741.831055
Funds transferred back as part of quarterly settlement,2022-10-07,NSE-EQ - Z,Bank Payments,44704.99,0,1036.841055
Being payment gateway charges debited forX,2022-10-10,NSE-EQ - Z,Journal Entry,10.62,0,1026.221055
Funds added using payment gateway fromX with reference number IGAOLIRTJ9,2022-10-10,NSE-EQ - Z,Bank Receipts,0,50000,51026.221055
Net settlement for Equity with settlement number: 2022191,2022-10-10,NSE-EQ - Z,Book Voucher,12167.357352,0,38858.863703
Net settlement for Equity with settlement number: 2022193,2022-10-12,NSE-EQ - Z,Book Voucher,5830.236916,0,33028.626787
Net settlement for Equity with settlement number: 2022194,2022-10-13,NSE-EQ - Z,Book Voucher,22926.53589,0,10102.090897
Net settlement for Equity with settlement number: 2022196,2022-10-17,NSE-EQ - Z,Book Voucher,713.935775,0,9388.155122
Net settlement for Equity with settlement number: 2022197,2022-10-18,NSE-EQ - Z,Book Voucher,1400.808874,0,7987.346248
DP Charges for Sale of ABFRL on 19/10/2022,2022-10-19,NSE-EQ - Z,Journal Entry,15.93,0,7971.416248
Net settlement for Equity with settlement number: 2022198,2022-10-19,NSE-EQ - Z,Book Voucher,7232.327311,0,739.088937
Net settlement for Equity with settlement number: 2022199,2022-10-20,NSE-EQ - Z,Book Voucher,344.97625,0,394.112687
Funds added using payment gateway fromX with reference number IGAONNWWY4,2022-10-24,NSE-EQ - Z,Bank Receipts,0,15000,15394.112687
Being payment gateway charges debited forX,2022-10-24,NSE-EQ - Z,Journal Entry,10.62,0,15383.492687
Net settlement for Equity with settlement number: 2022201,2022-10-24,NSE-EQ - Z,Book Voucher,12832.248943,0,2551.243744
Brokerage  on 2022-10-24 for 2022201,2022-10-25,NSE-EQ - Z,Journal Entry,0,0.0118,2551.255544
Net settlement for Equity with settlement number: 2022202,2022-10-25,NSE-EQ - Z,Book Voucher,1600.415553,0,950.839991
Funds added using payment gateway fromX with reference number IGAOOABRM9,2022-10-28,NSE-EQ - Z,Bank Receipts,0,15000,15950.839991
Being payment gateway charges debited forX,2022-10-28,NSE-EQ - Z,Journal Entry,10.62,0,15940.219991
Net settlement for Equity with settlement number: 2022204,2022-10-28,NSE-EQ - Z,Book Voucher,12691.028234,0,3249.191757
Net settlement for Equity with settlement number: 2022206,2022-11-01,NSE-EQ - Z,Book Voucher,3149.643607,0,99.54815
DP Charges for Sale of AMRUTANJAN on 07/11/2022,2022-11-07,NSE-EQ - Z,Journal Entry,15.93,0,83.61815
DP Charges for Sale of TITAN on 07/11/2022,2022-11-07,NSE-EQ - Z,Journal Entry,15.93,0,67.68815
Net settlement for Equity with settlement number: 2022210,2022-11-07,NSE-EQ - Z,Book Voucher,0,11152.820527,11220.508677
Net settlement for Equity with settlement number: 2022212,2022-11-10,NSE-EQ - Z,Book Voucher,10369.666561,0,850.842116
Net settlement for Equity with settlement number: 2022215,2022-11-15,NSE-EQ - Z,Book Voucher,692.635059,0,158.207057
Funds added using payment gateway fromX with reference number IGAORYFUR3,2022-11-23,NSE-EQ - Z,Bank Receipts,0,15000,15158.207057
Being payment gateway charges debited forX,2022-11-23,NSE-EQ - Z,Journal Entry,10.62,0,15147.587057
Net settlement for Equity with settlement number: 2022222,2022-11-24,NSE-EQ - Z,Book Voucher,1495.774413,0,13651.812644
Net settlement for Equity with settlement number: 2022224,2022-11-28,NSE-EQ - Z,Book Voucher,998.245336,0,12653.567308
AMC for Demat Account for 27-09-2021 to 26-12-2021,2022-12-13,NSE-EQ - Z,Journal Entry,88.5,0,12565.067308
AMC for Demat Account for 27-12-2021 to 27-03-2022,2022-12-13,NSE-EQ - Z,Journal Entry,88.5,0,12476.567308
Net settlement for Equity with settlement number: 2022236,2022-12-14,NSE-EQ - Z,Book Voucher,1348.65712,0,11127.910188
DP Charges for Sale of NESTLEIND on 15/12/2022,2022-12-15,NSE-EQ - Z,Journal Entry,15.93,0,31005.034195
Net settlement for Equity with settlement number: 2022237,2022-12-15,NSE-EQ - Z,Book Voucher,0,19893.054007,31020.964195
DP Charges for Sale of HONAUT on 16/12/2022,2022-12-16,NSE-EQ - Z,Journal Entry,15.93,0,30989.104195
Net settlement for Equity with settlement number: 2022238,2022-12-16,NSE-EQ - Z,Book Voucher,0,40199.123625,71188.22782
Net settlement for Equity with settlement number: 2022738 (T1),2022-12-16,NSE-EQ - Z,Book Voucher,5934.861147,0,65253.366673
Net settlement for Equity with settlement number: 2022239,2022-12-19,NSE-EQ - Z,Book Voucher,7180.970625,0,58072.396048
Net settlement for Equity with settlement number: 2022240,2022-12-20,NSE-EQ - Z,Book Voucher,6116.367251,0,51956.028797
Net settlement for Equity with settlement number: 2022242,2022-12-22,NSE-EQ - Z,Book Voucher,1998.986851,0,49957.041946
Net settlement for Equity with settlement number: 2022243,2022-12-23,NSE-EQ - Z,Book Voucher,42068.572134,0,7888.469812
Net settlement for Equity with settlement number: 2022743 (T1),2022-12-23,NSE-EQ - Z,Book Voucher,6957.277491,0,931.192321
Net settlement for Equity with settlement number: 2022246,2022-12-28,NSE-EQ - Z,Book Voucher,860.3907,0,70.801621
Funds auto-settled to the primary bank account  with reference number cf5395f81726d139f52000,2023-01-05,NSE-EQ - Z,Bank Payments,70.8,0,0.001621
Funds added using UPI fromX with reference number 301763930511,2023-01-17,NSE-EQ - Z,Bank Receipts,0,40000,40000.001621
Net settlement for Equity with settlement number: 2023012,2023-01-17,NSE-EQ - Z,Book Voucher,14547.571893,0,25452.429728
Net settlement for Equity with settlement number: 2023512 (T1),2023-01-17,NSE-EQ - Z,Book Voucher,5235.249353,0,20217.180375
Net settlement for Equity with settlement number: 2023016,2023-01-23,NSE-EQ - Z,Book Voucher,16837.2298,0,3379.950575
Net settlement for Equity with settlement number: 2023516 (T1),2023-01-23,NSE-EQ - Z,Book Voucher,1471.061236,0,1908.889339
Net settlement for Equity with settlement number: 2023018,2023-01-25,NSE-EQ - Z,Book Voucher,512.529002,0,1396.360337
Net settlement for Equity with settlement number: 2023019,2023-01-27,NSE-EQ - Z,Book Voucher,1127.755616,0,268.604721
DP Charges for Sale of HDFCLIFE on 03/02/2023,2023-02-03,NSE-EQ - Z,Journal Entry,15.93,0,252.674721
Net settlement for Equity with settlement number: 2023024,2023-02-03,NSE-EQ - Z,Book Voucher,0,3663.204225,3915.878946
DP Charges for Sale of NAUKRI on 08/02/2023,2023-02-08,NSE-EQ - Z,Journal Entry,15.93,0,3899.948946
Net settlement for Equity with settlement number: 2023027,2023-02-08,NSE-EQ - Z,Book Voucher,0,14751.917308,18651.866254
Net settlement for Equity with settlement number: 2023029,2023-02-10,NSE-EQ - Z,Book Voucher,7357.351173,0,11294.515081
Net settlement for Equity with settlement number: 2023030,2023-02-13,NSE-EQ - Z,Book Voucher,6500.959845,0,4793.555236
Net settlement for Equity with settlement number: 2023031,2023-02-14,NSE-EQ - Z,Book Voucher,2999.171457,0,1794.383779
Net settlement for Equity with settlement number: 2023034,2023-02-17,NSE-EQ - Z,Book Voucher,1584.183675,0,210.200104
DP Charges for Sale of SBICARD on 23/02/2023,2023-02-23,NSE-EQ - Z,Journal Entry,15.93,0,194.270104
Net settlement for Equity with settlement number: 2023038,2023-02-23,NSE-EQ - Z,Book Voucher,0,5331.103337,5525.373441
Net settlement for Equity with settlement number: 2023039,2023-02-24,NSE-EQ - Z,Book Voucher,5300.657535,0,224.715906
Funds added using UPI fromX with reference number 305902193405,2023-02-28,NSE-EQ - Z,Bank Receipts,0,25000,25224.715906
Net settlement for Equity with settlement number: 2023041,2023-02-28,NSE-EQ - Z,Book Voucher,8918.111369,0,16306.604537
DP Charges for Sale of TATAELXSI on 01/03/2023,2023-03-01,NSE-EQ - Z,Journal Entry,15.93,0,16290.674537
Net settlement for Equity with settlement number: 2023042,2023-03-01,NSE-EQ - Z,Book Voucher,0,6208.929185,22499.603722
Net settlement for Equity with settlement number: 2023043,2023-03-02,NSE-EQ - Z,Book Voucher,1800.593506,0,20699.010216
Net settlement for Equity with settlement number: 2023044,2023-03-03,NSE-EQ - Z,Book Voucher,2998.462534,0,17700.547682
Being fee for smallcase,2023-03-06,NSE-EQ - Z,Journal Entry,118,0,15955.399698
Funds added using UPI fromX with reference number 306512523901,2023-03-06,NSE-EQ - Z,Bank Receipts,0,62000,16073.399698
Net settlement for Equity with settlement number: 2023045,2023-03-06,NSE-EQ - Z,Book Voucher,63627.147984,0,-45926.600302
Net settlement for Equity with settlement number: 2023047,2023-03-09,NSE-EQ - Z,Book Voucher,6480.879509,0,9474.520189
Net settlement for Equity with settlement number: 2023048,2023-03-10,NSE-EQ - Z,Book Voucher,2173.460444,0,7301.059745
Net settlement for Equity with settlement number: 2023049,2023-03-13,NSE-EQ - Z,Book Voucher,3166.78929,0,4134.270455
DP Charges for Sale of PAUSHAKLTD on 14/03/2023,2023-03-14,NSE-EQ - Z,Journal Entry,15.93,0,4118.340455
Net settlement for Equity with settlement number: 2023050,2023-03-14,NSE-EQ - Z,Book Voucher,0,435.696319,4554.036774
Funds added using UPI fromX with reference number 307544240125,2023-03-16,NSE-EQ - Z,Bank Receipts,0,10000,14554.036774
DP Charges for Sale of SULA on 17/03/2023,2023-03-17,NSE-EQ - Z,Journal Entry,15.93,0,14538.106774
Net settlement for Equity with settlement number: 2023053,2023-03-17,NSE-EQ - Z,Book Voucher,13694.719197,0,843.387577
DP Charges for Sale of TATASTEEL on 20/03/2023,2023-03-20,NSE-EQ - Z,Journal Entry,15.93,0,827.457577
Net settlement for Equity with settlement number: 2023054,2023-03-20,NSE-EQ - Z,Book Voucher,0,2255.181573,3082.63915
DP Charges for Sale of TCS on 21/03/2023,2023-03-21,NSE-EQ - Z,Journal Entry,15.93,0,3066.70915
Net settlement for Equity with settlement number: 2023055,2023-03-21,NSE-EQ - Z,Book Voucher,0,21074.295294,24141.004444
Net settlement for Equity with settlement number: 2023056,2023-03-22,NSE-EQ - Z,Book Voucher,3435.667693,0,20705.336751
DP Charges for Sale of ABFRL on 24/03/2023,2023-03-24,NSE-EQ - Z,Journal Entry,15.93,0,20689.406751
DP Charges for Sale of INFY on 24/03/2023,2023-03-24,NSE-EQ - Z,Journal Entry,15.93,0,20673.476751
Net settlement for Equity with settlement number: 2023058,2023-03-24,NSE-EQ - Z,Book Voucher,13424.907192,0,7248.569559
Net settlement for Equity with settlement number: 2023059,2023-03-27,NSE-EQ - Z,Book Voucher,6521.725126,0,726.844433
AMC for Demat Account for 28-03-2022 to 26-06-2022,2023-03-29,NSE-EQ - Z,Journal Entry,88.5,0,638.344433
Funds added using UPI fromX with reference number 308990791177,2023-03-30,NSE-EQ - Z,Bank Receipts,0,60000,60638.344433
AMC for Demat Account for 27-06-2022 to 25-09-2022,2023-03-31,NSE-EQ - Z,Journal Entry,88.5,0,60549.844433
DP Charges for Sale of RAIN on 03/04/2023,2023-04-03,NSE-EQ - Z,Journal Entry,15.93,0,60533.914433
DP Charges for Sale of ITC on 03/04/2023,2023-04-03,NSE-EQ - Z,Journal Entry,15.93,0,60517.984433
Net settlement for Equity with settlement number: 2023063,2023-04-03,NSE-EQ - Z,Book Voucher,0,5355.194269,65873.178702
Net settlement for Equity with settlement number: 2023064,2023-04-05,NSE-EQ - Z,Book Voucher,11080.462867,0,54792.715835
Net settlement for Equity with settlement number: 2023065,2023-04-06,NSE-EQ - Z,Book Voucher,22887.897769,0,31904.818066
AMC for Demat Account for 26-09-2022 to 25-12-2022,2023-04-06,NSE-EQ - Z,Journal Entry,88.5,0,31816.318066
Funds transferred back as part of quarterly settlement  with reference number a11fd3b8b563ba810491ec,2023-04-06,NSE-EQ - Z,Bank Payments,25000.28,0,6816.038066
Funds added using UPI fromX with reference number 309717602957,2023-04-07,NSE-EQ - Z,Bank Receipts,0,63000,69816.038066
Being fee for smallcase,2023-04-10,NSE-EQ - Z,Journal Entry,118,0,69698.038066
Net settlement for Equity with settlement number: 2023066,2023-04-10,NSE-EQ - Z,Book Voucher,62127.738026,0,7570.30004
Net settlement for Equity with settlement number: 2023067,2023-04-11,NSE-EQ - Z,Book Voucher,2839.327262,0,4730.972778
DP Charges for Sale of MCX on 17/04/2023,2023-04-17,NSE-EQ - Z,Journal Entry,15.93,0,4715.042778
Net settlement for Equity with settlement number: 2023070,2023-04-17,NSE-EQ - Z,Book Voucher,0,7254.704456,11969.747234
Net settlement for Equity with settlement number: 2023071,2023-04-18,NSE-EQ - Z,Book Voucher,1363.073676,0,10606.673558
DP Charges for Sale of INFOBEAN on 19/04/2023,2023-04-19,NSE-EQ - Z,Journal Entry,15.93,0,10590.743558
Net settlement for Equity with settlement number: 2023072,2023-04-19,NSE-EQ - Z,Book Voucher,0,3266.905076,13857.648634
DP Charges for Sale of AMBIKCO on 27/04/2023,2023-04-27,NSE-EQ - Z,Journal Entry,15.93,0,13841.718634
Net settlement for Equity with settlement number: 2023078,2023-04-27,NSE-EQ - Z,Book Voucher,0,1505.326834,15347.045468
DP Charges for Sale of VAIBHAVGBL on 03/05/2023,2023-05-03,NSE-EQ - Z,Journal Entry,15.93,0,15331.115468
Net settlement for Equity with settlement number: 2023081,2023-05-03,NSE-EQ - Z,Book Voucher,0,25013.568838,40344.684306
Funds added using payment gateway fromX with reference number IGAPOBNEP5,2023-05-08,NSE-EQ - Z,Bank Receipts,0,70000,110344.684306
Being payment gateway charges debited forX,2023-05-08,NSE-EQ - Z,Journal Entry,10.62,0,110334.064306
Being fee for smallcase,2023-05-08,NSE-EQ - Z,Journal Entry,118,0,110216.064306
Net settlement for Equity with settlement number: 2023084,2023-05-08,NSE-EQ - Z,Book Voucher,63193.331364,0,47022.732942
Net settlement for Equity with settlement number: 2023085,2023-05-09,NSE-EQ - Z,Book Voucher,36670.830707,0,10351.902235
Net settlement for Equity with settlement number: 2023087,2023-05-11,NSE-EQ - Z,Book Voucher,2421.610298,0,7930.291937
AMC for Demat Account for 26-12-2022 to 26-03-2023,2023-05-15,NSE-EQ - Z,Journal Entry,88.5,0,7841.791937
Net settlement for Equity with settlement number: 2023089,2023-05-15,NSE-EQ - Z,Book Voucher,0,22566.811898,30408.603835
DP Charges for Sale of AMBIKCO on 15/05/2023,2023-05-15,NSE-EQ - Z,Journal Entry,15.93,0,30392.673835
Net settlement for Equity with settlement number: 2023094,2023-05-22,NSE-EQ - Z,Book Voucher,4031.175698,0,26361.498137
Funds added using UPI fromX with reference number 315109179502,2023-05-31,NSE-EQ - Z,Bank Receipts,0,200000,226361.498137
Funds added using UPI fromX with reference number 315109184628,2023-05-31,NSE-EQ - Z,Bank Receipts,0,50000,276361.498137
Being fee for smallcase,2023-06-01,NSE-EQ - Z,Journal Entry,118,0,276243.498137
Net settlement for Equity with settlement number: 2023102,2023-06-01,NSE-EQ - Z,Book Voucher,199218.512333,0,77024.985804
Net settlement for Equity with settlement number: 2023103,2023-06-02,NSE-EQ - Z,Book Voucher,29801.013974,0,47223.97183
Being fee for smallcase,2023-06-05,NSE-EQ - Z,Journal Entry,118,0,47105.97183
Funds added using UPI fromX with reference number 315622237243,2023-06-05,NSE-EQ - Z,Bank Receipts,0,70000,117105.97183
DP Charges for Sale of AFFLE on 05/06/2023,2023-06-05,NSE-EQ - Z,Journal Entry,15.93,0,117090.04183
DP Charges for Sale of TARSONS on 05/06/2023,2023-06-05,NSE-EQ - Z,Journal Entry,15.93,0,117074.11183
DP Charges for Sale of GRWRHITECH on 05/06/2023,2023-06-05,NSE-EQ - Z,Journal Entry,15.93,0,117058.18183
DP Charges for Sale of INFY on 05/06/2023,2023-06-05,NSE-EQ - Z,Journal Entry,15.93,0,117042.25183
DP Charges for Sale of ELECON on 05/06/2023,2023-06-05,NSE-EQ - Z,Journal Entry,15.93,0,117026.32183
Net settlement for Equity with settlement number: 2023104,2023-06-05,NSE-EQ - Z,Book Voucher,70496.781552,0,46529.540278
DP Charges for Sale of ITC on 08/06/2023,2023-06-08,NSE-EQ - Z,Journal Entry,15.93,0,46513.610278
Net settlement for Equity with settlement number: 2023107,2023-06-08,NSE-EQ - Z,Book Voucher,0,18145.598729,64659.209007
Net settlement for Equity with settlement number: 2023108,2023-06-09,NSE-EQ - Z,Book Voucher,19528.097876,0,45131.111131
DP Charges for Sale of CDSL on 12/06/2023,2023-06-12,NSE-EQ - Z,Journal Entry,15.93,0,45115.181131
Net settlement for Equity with settlement number: 2023109,2023-06-12,NSE-EQ - Z,Book Voucher,1354.991303,0,43760.189828
DP Charges for Sale of GRWRHITECH on 13/06/2023,2023-06-13,NSE-EQ - Z,Journal Entry,15.93,0,43744.259828
Net settlement for Equity with settlement number: 2023110,2023-06-13,NSE-EQ - Z,Book Voucher,0,23516.468707,67260.728535
Net settlement for Equity with settlement number: 2023112,2023-06-15,NSE-EQ - Z,Book Voucher,39476.492211,0,27784.236324
DP Charges for Sale of KEI on 20/06/2023,2023-06-20,NSE-EQ - Z,Journal Entry,15.93,0,27768.306324
DP Charges for Sale of PATANJALI on 20/06/2023,2023-06-20,NSE-EQ - Z,Journal Entry,15.93,0,27752.376324
DP Charges for Sale of MOTILALOFS on 20/06/2023,2023-06-20,NSE-EQ - Z,Journal Entry,15.93,0,27736.446324
Net settlement for Equity with settlement number: 2023115,2023-06-20,NSE-EQ - Z,Book Voucher,16290.792186,0,11445.654138
Net settlement for Equity with settlement number: 2023118,2023-06-23,NSE-EQ - Z,Book Voucher,2942.610655,0,8503.043483
Net settlement for Equity with settlement number: 2023122,2023-06-30,NSE-EQ - Z,Book Voucher,8329.389778,0,173.653705
Funds added using payment gateway fromX with reference number IGAPVJFRX5,2023-07-06,NSE-EQ - Z,Bank Receipts,0,70000,70173.653705
Being payment gateway charges debited forX,2023-07-06,NSE-EQ - Z,Journal Entry,10.62,0,70163.033705
Funds added using UPI fromX with reference number 318752738063,2023-07-06,NSE-EQ - Z,Bank Receipts,0,25000,95163.033705
Net settlement for Equity with settlement number: 2023126,2023-07-06,NSE-EQ - Z,Book Voucher,93020.21737,0,2142.816335
Funds added using UPI fromX with reference number 318804513532,2023-07-07,NSE-EQ - Z,Bank Receipts,0,10000,12142.816335
DP Charges for Sale of HINDUNILVR on 07/07/2023,2023-07-07,NSE-EQ - Z,Journal Entry,15.93,0,12126.886335
Net settlement for Equity with settlement number: 2023127,2023-07-07,NSE-EQ - Z,Book Voucher,1506.019854,0,10620.866481
Net settlement for Equity with settlement number: 2023128,2023-07-10,NSE-EQ - Z,Book Voucher,6503.306868,0,4117.559613
DP Charges for Sale of SULA on 11/07/2023,2023-07-11,NSE-EQ - Z,Journal Entry,15.93,0,4101.629613
Net settlement for Equity with settlement number: 2023129,2023-07-11,NSE-EQ - Z,Book Voucher,0,23713.226091,27814.855704
Net settlement for Equity with settlement number: 2023131,2023-07-13,NSE-EQ - Z,Book Voucher,15740.226028,0,12074.629676
DP Charges for Sale of ASIANPAINT on 28/07/2023,2023-07-28,NSE-EQ - Z,Journal Entry,15.93,0,12058.699676
Net settlement for Equity with settlement number: 2023142,2023-07-28,NSE-EQ - Z,Book Voucher,0,43319.753726,55378.453402
Being fee for smallcase,2023-08-03,NSE-EQ - Z,Journal Entry,11.8,0,55366.653402
Net settlement for Equity with settlement number: 2023146,2023-08-03,NSE-EQ - Z,Book Voucher,11878.242638,0,43488.410764
Funds added using UPI fromX with reference number 321647733026,2023-08-04,NSE-EQ - Z,Bank Receipts,0,43000,86488.410764
Funds added using UPI fromX with reference number 321617180258,2023-08-04,NSE-EQ - Z,Bank Receipts,0,70000,156488.410764
Being fee for smallcase,2023-08-04,NSE-EQ - Z,Journal Entry,118,0,156370.410764
Net settlement for Equity with settlement number: 2023147,2023-08-04,NSE-EQ - Z,Book Voucher,106671.030016,0,49699.380748
Being fee for smallcase,2023-08-07,NSE-EQ - Z,Journal Entry,118,0,49581.380748
Net settlement for Equity with settlement number: 2023148,2023-08-07,NSE-EQ - Z,Book Voucher,49207.753839,0,373.626909
AMC for Demat Account for 27-03-2023 to 25-06-2023,2023-08-11,NSE-EQ - Z,Journal Entry,88.5,0,285.126909
DP Charges for Sale of TITAGARH on 14/08/2023,2023-08-14,NSE-EQ - Z,Journal Entry,15.93,0,269.196909
DP Charges for Sale of FACT on 14/08/2023,2023-08-14,NSE-EQ - Z,Journal Entry,15.93,0,253.266909
DP Charges for Sale of OLECTRA on 14/08/2023,2023-08-14,NSE-EQ - Z,Journal Entry,15.93,0,237.336909
DP Charges for Sale of MAZDOCK on 14/08/2023,2023-08-14,NSE-EQ - Z,Journal Entry,15.93,0,221.406909
DP Charges for Sale of GLENMARK on 14/08/2023,2023-08-14,NSE-EQ - Z,Journal Entry,15.93,0,205.476909
Net settlement for Equity with settlement number: 2023153,2023-08-14,NSE-EQ - Z,Book Voucher,0,5129.552754,5335.029663
Net settlement for Equity with settlement number: 2023154,2023-08-16,NSE-EQ - Z,Book Voucher,3383.148751,0,1951.880912
Being fee for smallcase,2023-08-22,NSE-EQ - Z,Journal Entry,118,0,1833.880912
DP Charges for Sale of MEGASTAR on 22/08/2023,2023-08-22,NSE-EQ - Z,Journal Entry,15.93,0,1817.950912
DP Charges for Sale of IONEXCHANG on 22/08/2023,2023-08-22,NSE-EQ - Z,Journal Entry,15.93,0,1802.020912
Net settlement for Equity with settlement number: 2023158,2023-08-22,NSE-EQ - Z,Book Voucher,0,14446.973713,16248.994625
Being fee for smallcase,2023-08-23,NSE-EQ - Z,Journal Entry,118,0,16130.994625
DP Charges for Sale of JBMA on 23/08/2023,2023-08-23,NSE-EQ - Z,Journal Entry,15.93,0,16115.064625
DP Charges for Sale of GOLDIAM on 23/08/2023,2023-08-23,NSE-EQ - Z,Journal Entry,15.93,0,16099.134625
DP Charges for Sale of RKFORGE on 23/08/2023,2023-08-23,NSE-EQ - Z,Journal Entry,15.93,0,16083.204625
DP Charges for Sale of ZENTEC on 23/08/2023,2023-08-23,NSE-EQ - Z,Journal Entry,15.93,0,16067.274625
DP Charges for Sale of APARINDS on 23/08/2023,2023-08-23,NSE-EQ - Z,Journal Entry,15.93,0,16051.344625
DP Charges for Sale of KIRLOSBROS on 23/08/2023,2023-08-23,NSE-EQ - Z,Journal Entry,15.93,0,16035.414625
DP Charges for Sale of GLENMARK on 23/08/2023,2023-08-23,NSE-EQ - Z,Journal Entry,15.93,0,16019.484625
DP Charges for Sale of ZENSARTECH on 23/08/2023,2023-08-23,NSE-EQ - Z,Journal Entry,15.93,0,16003.554625
DP Charges for Sale of MAZDOCK on 23/08/2023,2023-08-23,NSE-EQ - Z,Journal Entry,15.93,0,15987.624625
DP Charges for Sale of TITAGARH on 23/08/2023,2023-08-23,NSE-EQ - Z,Journal Entry,15.93,0,15971.694625
DP Charges for Sale of NEULANDLAB on 23/08/2023,2023-08-23,NSE-EQ - Z,Journal Entry,15.93,0,15955.764625
Net settlement for Equity with settlement number: 2023159,2023-08-23,NSE-EQ - Z,Book Voucher,0,1871.655818,17827.420443
Net settlement for Equity with settlement number: 2023160,2023-08-24,NSE-EQ - Z,Book Voucher,14346.962826,0,3480.457617
Net settlement for Equity with settlement number: 2023161,2023-08-25,NSE-EQ - Z,Book Voucher,3288.122275,0,192.335342
DP Charges for Sale of JIOFIN on 29/08/2023,2023-08-29,NSE-EQ - Z,Journal Entry,15.93,0,176.405342
Net settlement for Equity with settlement number: 2023163,2023-08-29,NSE-EQ - Z,Book Voucher,0,10289.370749,10465.776091
Being fee for smallcase,2023-09-01,NSE-EQ - Z,Journal Entry,118,0,10347.776091
DP Charges for Sale of BRITANNIA on 01/09/2023,2023-09-01,NSE-EQ - Z,Journal Entry,15.93,0,10331.846091
DP Charges for Sale of ABBOTINDIA on 01/09/2023,2023-09-01,NSE-EQ - Z,Journal Entry,15.93,0,10315.916091
Net settlement for Equity with settlement number: 2023166,2023-09-01,NSE-EQ - Z,Book Voucher,0,15191.934667,25507.850758
Net settlement for Equity with settlement number: 2023168,2023-09-05,NSE-EQ - Z,Book Voucher,1099.233369,0,24392.687389
Being fee for smallcase,2023-09-06,NSE-EQ - Z,Journal Entry,118,0,24274.687389
Net settlement for Equity with settlement number: 2023169,2023-09-06,NSE-EQ - Z,Book Voucher,16246.793411,0,8027.893978
DP Charges for Sale of ASTRAL on 06/09/2023,2023-09-06,NSE-EQ - Z,Journal Entry,15.93,0,8011.963978
Net settlement for Equity with settlement number: 2023179,2023-09-21,NSE-EQ - Z,Book Voucher,5404.907061,0,2607.056917
Being fee for smallcase,2023-09-25,NSE-EQ - Z,Journal Entry,118,0,2489.056917
Funds added using payment gateway fromX with reference number IGAQFLQEH4,2023-09-25,NSE-EQ - Z,Bank Receipts,0,13000,15489.056917
Funds added using payment gateway fromX with reference number IGAQFLONS6,2023-09-25,NSE-EQ - Z,Bank Receipts,0,72000,87489.056917
Being payment gateway charges debited forX,2023-09-25,NSE-EQ - Z,Journal Entry,10.62,0,87478.436917
Being payment gateway charges debited forX,2023-09-25,NSE-EQ - Z,Journal Entry,10.62,0,87467.816917
Net settlement for Equity with settlement number: 2023181,2023-09-25,NSE-EQ - Z,Book Voucher,84896.263796,0,2571.553121
Funds auto-settled to the primary bank account  with reference number d84ff825aa904c13004312,2023-10-05,NSE-EQ - Z,Bank Payments,2571.55,0,0.003121
DP Charges for Sale of RELIANCE on 06/10/2023,2023-10-06,NSE-EQ - Z,Journal Entry,15.93,0,-15.926879
Net settlement for Equity with settlement number: 2023189,2023-10-06,NSE-EQ - Z,Book Voucher,0,78898.222906,78882.296027
Being fee for smallcase,2023-10-09,NSE-EQ - Z,Journal Entry,118,0,78764.296027
Net settlement for Equity with settlement number: 2023190,2023-10-09,NSE-EQ - Z,Book Voucher,74495.390923,0,4268.905104
Being fee for smallcase,2023-10-19,NSE-EQ - Z,Journal Entry,118,0,4150.905104
Funds added using payment gateway fromX with reference number IGAQILTIH4,2023-10-19,NSE-EQ - Z,Bank Receipts,0,59000,63150.905104
Being payment gateway charges debited forX,2023-10-19,NSE-EQ - Z,Journal Entry,10.62,0,63140.285104
DP Charges for Sale of PAGEIND on 19/10/2023,2023-10-19,NSE-EQ - Z,Journal Entry,15.93,0,63124.355104
Net settlement for Equity with settlement number: 2023198,2023-10-19,NSE-EQ - Z,Book Voucher,53489.750152,0,9634.604952
Net settlement for Equity with settlement number: 2023200,2023-10-23,NSE-EQ - Z,Book Voucher,8969.630748,0,664.974204
Being fee for smallcase,2023-10-25,NSE-EQ - Z,Journal Entry,118,0,546.974204
DP Charges for Sale of PAGEIND on 25/10/2023,2023-10-25,NSE-EQ - Z,Journal Entry,15.93,0,531.044204
Net settlement for Equity with settlement number: 2023201,2023-10-25,NSE-EQ - Z,Book Voucher,0,16494.470214,17025.514418
Net settlement for Equity with settlement number: 2023202,2023-10-26,NSE-EQ - Z,Book Voucher,16964.910352,0,60.604066
DP Charges for Sale of IDFCFIRSTB on 02/11/2023,2023-11-02,NSE-EQ - Z,Journal Entry,15.93,0,44.674066
DP Charges for Sale of DEVYANI on 02/11/2023,2023-11-02,NSE-EQ - Z,Journal Entry,15.93,0,28.744066
Net settlement for Equity with settlement number: 2023207,2023-11-02,NSE-EQ - Z,Book Voucher,0,10865.525681,10894.269747
DP Charges for Sale of POLYCAB on 13/11/2023,2023-11-13,NSE-EQ - Z,Journal Entry,15.93,0,10878.339747
Net settlement for Equity with settlement number: 2023215,2023-11-13,NSE-EQ - Z,Book Voucher,0,12434.142728,23312.482475
DP Charges for Sale of CELLO on 15/11/2023,2023-11-15,NSE-EQ - Z,Journal Entry,15.93,0,23296.552475
DP Charges for Sale of IDFCFIRSTB on 15/11/2023,2023-11-15,NSE-EQ - Z,Journal Entry,15.93,0,23280.622475
Net settlement for Equity with settlement number: 2023216,2023-11-15,NSE-EQ - Z,Book Voucher,0,18291.705659,41572.328134
Net settlement for Equity with settlement number: 2023223,2023-11-24,NSE-EQ - Z,Book Voucher,33632.787896,0,7939.540238
Net settlement for Equity with settlement number: 2023226,2023-11-30,NSE-EQ - Z,Book Voucher,6902.713818,0,1036.82642
AMC for Demat Account for 26-06-2023 to 24-09-2023,2023-12-30,NSE-EQ - Z,Journal Entry,88.5,0,948.32642
Funds transferred back as part of quarterly settlement (inactive)  with reference number 1732a5ef192b9063c3d2c8,2024-01-01,NSE-EQ - Z,Bank Payments,948.33,0,-0.00358
DP Charges for Sale of FAZE3Q on 15/01/2024,2024-01-15,NSE-EQ - Z,Journal Entry,15.93,0,-15.93358
Net settlement for Equity with settlement number: 2024011,2024-01-15,NSE-EQ - Z,Book Voucher,0,1110.492629,1094.559049
Being fee for smallcase,2024-01-25,NSE-EQ - Z,Journal Entry,118,0,150965.939049
Funds added using payment gateway fromX with reference number IGAQTQESB1,2024-01-25,NSE-EQ - Z,Bank Receipts,0,150000,151083.939049
Being payment gateway charges debited forX,2024-01-25,NSE-EQ - Z,Journal Entry,10.62,0,1083.939049
Net settlement for Equity with settlement number: 2024019,2024-01-25,NSE-EQ - Z,Book Voucher,136020.310835,0,14945.628214
Net settlement for Equity with settlement number: 2024021,2024-01-30,NSE-EQ - Z,Book Voucher,14383.752205,0,561.876009
DP Charges for Sale of IDFCFIRSTB on 19/02/2024,2024-02-19,NSE-EQ - Z,Journal Entry,15.93,0,545.946009
Being Payment Gateway Charges Debited -X,2018-03-15,NSE-EQ - Z,Journal Entry,10.62,0,-321.714
Net settlement for Equity with settlement number: 2024035,2024-02-19,NSE-EQ - Z,Book Voucher,0,187.181546,733.127555
Net settlement for Equity with settlement number: 2024038,2024-02-22,NSE-EQ - Z,Book Voucher,492.53185,0,240.595705
Funds added using UPI fromX with reference number 406031001446,2024-02-29,NSE-EQ - Z,Bank Receipts,0,20000,20240.595705
Net settlement for Equity with settlement number: 2024043,2024-02-29,NSE-EQ - Z,Book Voucher,11481.632796,0,8758.962909
Funds added using UPI fromX with reference number 406536968322,2024-03-05,NSE-EQ - Z,Bank Receipts,0,12000,20758.962909
Net settlement for Equity with settlement number: 2024046,2024-03-05,NSE-EQ - Z,Book Voucher,11250.26925,0,9508.693659
Funds added using UPI fromX with reference number 406636263945,2024-03-06,NSE-EQ - Z,Bank Receipts,0,40000,49508.693659
Net settlement for Equity with settlement number: 2024047,2024-03-06,NSE-EQ - Z,Book Voucher,12531.356823,0,36977.336836
Net settlement for Equity with settlement number: 2024048,2024-03-07,NSE-EQ - Z,Book Voucher,7833.180309,0,29144.156527
Net settlement for Equity with settlement number: 2024049,2024-03-11,NSE-EQ - Z,Book Voucher,20543.720926,0,8600.435601
Net settlement for Equity with settlement number: 2024050,2024-03-12,NSE-EQ - Z,Book Voucher,8440.894843,0,159.540758
DP Charges for Sale of BLS on 14/03/2024,2024-03-14,NSE-EQ - Z,Journal Entry,15.93,0,143.610758
Net settlement for Equity with settlement number: 2024052,2024-03-14,NSE-EQ - Z,Book Voucher,0,1731.66239,1875.273148
Funds added using UPI fromX with reference number 407487774290,2024-03-14,NSE-EQ - Z,Bank Receipts,0,100000,101875.273148
Being fee for smallcase,2024-03-15,NSE-EQ - Z,Journal Entry,118,0,101757.273148
Net settlement for Equity with settlement number: 2024053,2024-03-15,NSE-EQ - Z,Book Voucher,36990.215859,0,64767.057289
Net settlement for Equity with settlement number: 2024054,2024-03-18,NSE-EQ - Z,Book Voucher,4850.208999,0,59916.84829
DP Charges for Sale of IDFCFIRSTB on 19/03/2024,2024-03-19,NSE-EQ - Z,Journal Entry,15.93,0,59900.91829
Net settlement for Equity with settlement number: 2024055,2024-03-19,NSE-EQ - Z,Book Voucher,20848.353491,0,39052.564799
Net settlement for Equity with settlement number: 2024056,2024-03-20,NSE-EQ - Z,Book Voucher,1405.675611,0,37646.889188
Net settlement for Equity with settlement number: 2024058,2024-03-22,NSE-EQ - Z,Book Voucher,8126.742259,0,29520.146929
Net settlement for Equity with settlement number: 2024059,2024-03-26,NSE-EQ - Z,Book Voucher,9353.610463,0,20166.536466
Net settlement for Equity with settlement number: 2024061,2024-03-28,NSE-EQ - Z,Book Voucher,4422.201316,0,15744.33515
AMC for Demat Account for 25-09-2023 to 24-12-2023,2024-03-31,NSE-EQ - Z,Journal Entry,88.5,0,15655.83515
Funds auto-settled to the primary bank account  with reference number 871c28a8f78b83714529c3,2024-04-04,NSE-EQ - Z,Bank Payments,15655.84,0,-0.00485
Funds added using payment gateway fromX with reference number IGARDGONC2,2024-04-16,NSE-EQ - Z,Bank Receipts,0,5000,4999.99515
Being payment gateway charges debited forX,2024-04-16,NSE-EQ - Z,Journal Entry,10.62,0,4989.37515
DP Charges for Sale of CDSL on 16/04/2024,2024-04-16,NSE-EQ - Z,Journal Entry,15.93,0,4973.44515
DP Charges for Sale of KEI on 16/04/2024,2024-04-16,NSE-EQ - Z,Journal Entry,15.93,0,4957.51515
DP Charges for Sale of PATANJALI on 16/04/2024,2024-04-16,NSE-EQ - Z,Journal Entry,15.93,0,4941.58515
DP Charges for Sale of ANGELONE on 16/04/2024,2024-04-16,NSE-EQ - Z,Journal Entry,15.93,0,4925.65515
DP Charges for Sale of KIRLOSENG on 16/04/2024,2024-04-16,NSE-EQ - Z,Journal Entry,15.93,0,4909.72515
DP Charges for Sale of PSPPROJECT on 16/04/2024,2024-04-16,NSE-EQ - Z,Journal Entry,15.93,0,4893.79515
Net settlement for Equity with settlement number: 2024072,2024-04-16,NSE-EQ - Z,Book Voucher,0,99501.091533,104394.886683
DP Charges for Sale of PSPPROJECT on 18/04/2024,2024-04-18,NSE-EQ - Z,Journal Entry,15.93,0,104378.956683
DP Charges for Sale of GANDHAR on 18/04/2024,2024-04-18,NSE-EQ - Z,Journal Entry,15.93,0,104363.026683
Net settlement for Equity with settlement number: 2024073,2024-04-18,NSE-EQ - Z,Book Voucher,75311.399904,0,29051.626779
Net settlement for Equity with settlement number: 2024074,2024-04-19,NSE-EQ - Z,Book Voucher,4867.958001,0,24183.668778
DP Charges for Sale of PATANJALI on 23/04/2024,2024-04-23,NSE-EQ - Z,Journal Entry,15.93,0,24167.738778
Net settlement for Equity with settlement number: 2024076,2024-04-23,NSE-EQ - Z,Book Voucher,0,35309.882409,59477.621187
DP Charges for Sale of KEI on 25/04/2024,2024-04-25,NSE-EQ - Z,Journal Entry,15.93,0,59461.691187
Net settlement for Equity with settlement number: 2024078,2024-04-25,NSE-EQ - Z,Book Voucher,0,59168.097934,118629.789121
Net settlement for Equity with settlement number: 2024079,2024-04-26,NSE-EQ - Z,Book Voucher,4884.483419,0,113745.305702
DP Charges for Sale of LIKHITHA on 30/04/2024,2024-04-30,NSE-EQ - Z,Journal Entry,15.93,0,113729.375702
Net settlement for Equity with settlement number: 2024081,2024-04-30,NSE-EQ - Z,Book Voucher,0,24736.488885,138465.864587
Net settlement for Equity with settlement number: 2024082,2024-05-02,NSE-EQ - Z,Book Voucher,10126.419961,0,128339.444626
DP Charges for Sale of GRAVITA on 06/05/2024,2024-05-06,NSE-EQ - Z,Journal Entry,15.93,0,128323.514626
Net settlement for Equity with settlement number: 2024084,2024-05-06,NSE-EQ - Z,Book Voucher,0,31544.853598,159868.368224
Being fee for smallcase,2024-05-07,NSE-EQ - Z,Journal Entry,118,0,159750.368224
Net settlement for Equity with settlement number: 2024085,2024-05-07,NSE-EQ - Z,Book Voucher,39953.922259,0,119796.445965
Net settlement for Equity with settlement number: 2024087,2024-05-09,NSE-EQ - Z,Book Voucher,24283.050001,0,95513.395964
DP Charges for Sale of ANGELONE on 10/05/2024,2024-05-10,NSE-EQ - Z,Journal Entry,15.93,0,95497.465964
DP Charges for Sale of CDSL on 10/05/2024,2024-05-10,NSE-EQ - Z,Journal Entry,15.93,0,95481.535964
DP Charges for Sale of KIRLOSENG on 10/05/2024,2024-05-10,NSE-EQ - Z,Journal Entry,15.93,0,95465.605964
DP Charges for Sale of ELECON on 10/05/2024,2024-05-10,NSE-EQ - Z,Journal Entry,15.93,0,95449.675964
Net settlement for Equity with settlement number: 2024088,2024-05-10,NSE-EQ - Z,Book Voucher,1390.924755,0,94058.751209
Net settlement for Equity with settlement number: 2024089,2024-05-13,NSE-EQ - Z,Book Voucher,13602.810087,0,80455.941122
Net settlement for Equity with settlement number: 2024092,2024-05-16,NSE-EQ - Z,Book Voucher,34968.381139,0,45487.559983
Net settlement for Equity with settlement number: 2024094,2024-05-21,NSE-EQ - Z,Book Voucher,4756.103487,0,40731.456496
DP Charges for Sale of EMSLIMITED on 22/05/2024,2024-05-22,NSE-EQ - Z,Journal Entry,15.93,0,40715.526496
Net settlement for Equity with settlement number: 2024095,2024-05-22,NSE-EQ - Z,Book Voucher,0,13705.934496,54421.460992
Net settlement for Equity with settlement number: 2024097,2024-05-24,NSE-EQ - Z,Book Voucher,0,19097.030594,73518.491586
DP Charges for Sale of ELECON on 24/05/2024,2024-05-24,NSE-EQ - Z,Journal Entry,15.93,0,73502.561586
Net settlement for Equity with settlement number: 2024098,2024-05-27,NSE-EQ - Z,Book Voucher,3316.945532,0,70185.616054
DP Charges for Sale of LTIM on 28/05/2024,2024-05-28,NSE-EQ - Z,Journal Entry,15.93,0,70169.686054
Net settlement for Equity with settlement number: 2024099,2024-05-28,NSE-EQ - Z,Book Voucher,0,12364.880815,82534.566869
Net settlement for Equity with settlement number: 2024100,2024-05-29,NSE-EQ - Z,Book Voucher,17752.50044,0,64782.066429
Net settlement for Equity with settlement number: 2024101,2024-05-30,NSE-EQ - Z,Book Voucher,10880.434192,0,53901.632237
DP Charges for Sale of POLYCAB on 31/05/2024,2024-05-31,NSE-EQ - Z,Journal Entry,15.93,0,53885.702237
Net settlement for Equity with settlement number: 2024102,2024-05-31,NSE-EQ - Z,Book Voucher,0,30503.863736,84389.565973
Net settlement for Equity with settlement number: 2024104,2024-06-04,NSE-EQ - Z,Book Voucher,83642.401744,0,747.164229
DP Charges for Sale of FUSION on 06/06/2024,2024-06-06,NSE-EQ - Z,Journal Entry,15.045,0,732.119229
DP Charges for Sale of DRREDDY on 06/06/2024,2024-06-06,NSE-EQ - Z,Journal Entry,15.045,0,717.074229
Net settlement for Equity with settlement number: 2024106,2024-06-06,NSE-EQ - Z,Book Voucher,0,48619.274063,49336.348292
Net settlement for Equity with settlement number: 2024107,2024-06-07,NSE-EQ - Z,Book Voucher,40953.163128,0,8383.185164
AMC for Demat Account for 14-12-2023 to 13-03-2024,2024-06-08,NSE-EQ - Z,Journal Entry,88.5,0,8294.685164
Net settlement for Equity with settlement number: 2024111,2024-06-13,NSE-EQ - Z,Book Voucher,4806.229864,0,3488.4553
DP Charges for Sale of ANGELONE on 14/06/2024,2024-06-14,NSE-EQ - Z,Journal Entry,15.045,0,3473.4103
Net settlement for Equity with settlement number: 2024112,2024-06-14,NSE-EQ - Z,Book Voucher,0,60402.741252,63876.151552
DP Charges for Sale of BAJFINANCE on 18/06/2024,2024-06-18,NSE-EQ - Z,Journal Entry,15.045,0,63861.106552
Net settlement for Equity with settlement number: 2024113,2024-06-18,NSE-EQ - Z,Book Voucher,0,178199.828687,242060.935239
DP Charges for Sale of CDSL on 20/06/2024,2024-06-20,NSE-EQ - Z,Journal Entry,15.045,0,242045.890239
Net settlement for Equity with settlement number: 2024115,2024-06-20,NSE-EQ - Z,Book Voucher,0,75699.630075,317745.520314
Net settlement for Equity with settlement number: 2024116,2024-06-21,NSE-EQ - Z,Book Voucher,3402.166171,0,314343.354143
Net settlement for Equity with settlement number: 2024118,2024-06-25,NSE-EQ - Z,Book Voucher,5949.82683,0,308393.527313
Net settlement for Equity with settlement number: 2024119,2024-06-26,NSE-EQ - Z,Book Voucher,10359.879382,0,298033.647931
Net settlement for Equity with settlement number: 2024120,2024-06-27,NSE-EQ - Z,Book Voucher,30904.507479,0,267129.140452
Net settlement for Equity with settlement number: 2024122,2024-07-01,NSE-EQ - Z,Book Voucher,8992.88916,0,258136.251292
Net settlement for Equity with settlement number: 2024123,2024-07-02,NSE-EQ - Z,Book Voucher,12241.567273,0,245894.684019
Net settlement for Equity with settlement number: 2024125,2024-07-04,NSE-EQ - Z,Book Voucher,29798.262918,0,216096.421101
Net settlement for Equity with settlement number: 2024126,2024-07-05,NSE-EQ - Z,Book Voucher,2993.232468,0,213103.188633
Funds transferred back as part of quarterly settlement with reference number 7226e597db17363fd3131c,2024-07-05,NSE-EQ - Z,Bank Payments,211872.69,0,1230.498633
Being fee for smallcase,2024-07-08,NSE-EQ - Z,Journal Entry,118,0,1112.498633
Funds added using payment gateway fromX with reference number IGARNBOEH6,2024-07-08,NSE-EQ - Z,Bank Receipts,0,270000,271112.498633
Being payment gateway charges debited forX,2024-07-08,NSE-EQ - Z,Journal Entry,10.62,0,271101.878633
DP Charges for Sale of LIQUIDCASE on 08/07/2024,2024-07-08,NSE-EQ - Z,Journal Entry,15.045,0,271086.833633
Net settlement for Equity with settlement number: 2024127,2024-07-08,NSE-EQ - Z,Book Voucher,215816.305705,0,55270.527928
Net settlement for Equity with settlement number: 2024128,2024-07-09,NSE-EQ - Z,Book Voucher,17459.715568,0,37810.81236
Net settlement for Equity with settlement number: 2024129,2024-07-10,NSE-EQ - Z,Book Voucher,4184.051645,0,33626.760715
Net settlement for Equity with settlement number: 2024133,2024-07-16,NSE-EQ - Z,Book Voucher,2229.801701,0,31396.959014
Net settlement for Equity with settlement number: 2024134,2024-07-18,NSE-EQ - Z,Book Voucher,30496.640611,0,900.318403
DP Charges for Sale of RAYMOND on 29/07/2024,2024-07-29,NSE-EQ - Z,Journal Entry,15.045,0,885.273403
Net settlement for Equity with settlement number: 2024141,2024-07-29,NSE-EQ - Z,Book Voucher,0,1254.976806,2140.250209
Net settlement for Equity with settlement number: 2024143,2024-07-31,NSE-EQ - Z,Book Voucher,941.049735,0,1199.200474
DP Charges for Sale of LIQUIDCASE on 02/08/2024,2024-08-02,NSE-EQ - Z,Journal Entry,15.045,0,1184.155474
Net settlement for Equity with settlement number: 2024145,2024-08-02,NSE-EQ - Z,Book Voucher,175.83806,0,1008.317414
Funds added using payment gateway fromX with reference number IGARQMPLC1,2024-08-05,NSE-EQ - Z,Bank Receipts,0,20000,21008.317414
Being payment gateway charges debited forX,2024-08-05,NSE-EQ - Z,Journal Entry,10.62,0,20997.697414
Net settlement for Equity with settlement number: 2024146,2024-08-05,NSE-EQ - Z,Book Voucher,12729.994905,0,8267.702509
DP Charges for Sale of BECTORFOOD on 06/08/2024,2024-08-06,NSE-EQ - Z,Journal Entry,15.045,0,8252.657509
Net settlement for Equity with settlement number: 2024147,2024-08-06,NSE-EQ - Z,Book Voucher,0,14505.201794,22757.859303
DP Charges for Sale of LIQUIDCASE on 07/08/2024,2024-08-07,NSE-EQ - Z,Journal Entry,15.045,0,22742.814303
DP Charges for Sale of TIPSINDLTD on 07/08/2024,2024-08-07,NSE-EQ - Z,Journal Entry,15.045,0,22727.769303
Net settlement for Equity with settlement number: 2024148,2024-08-07,NSE-EQ - Z,Book Voucher,0,20593.647649,43321.416952
Net settlement for Equity with settlement number: 2024150,2024-08-09,NSE-EQ - Z,Book Voucher,2273.114972,0,41048.30198
DP Charges for Sale of NH on 12/08/2024,2024-08-12,NSE-EQ - Z,Journal Entry,15.045,0,41033.25698
Net settlement for Equity with settlement number: 2024151,2024-08-12,NSE-EQ - Z,Book Voucher,0,20665.654424,61698.911404
Net settlement for Equity with settlement number: 2024152,2024-08-13,NSE-EQ - Z,Book Voucher,23804.930508,0,37893.980896
Net settlement for Equity with settlement number: 2024153,2024-08-14,NSE-EQ - Z,Book Voucher,14939.139681,0,22954.841215
AMC for Demat Account for 14-03-2024 to 12-06-2024,2024-08-17,NSE-EQ - Z,Journal Entry,88.5,0,22866.341215
Net settlement for Equity with settlement number: 2024155,2024-08-19,NSE-EQ - Z,Book Voucher,14973.326606,0,7893.014609
Net settlement for Equity with settlement number: 2024156,2024-08-20,NSE-EQ - Z,Book Voucher,4441.590835,0,3451.423774
Net settlement for Equity with settlement number: 2024163,2024-08-29,NSE-EQ - Z,Book Voucher,2288.115653,0,1163.308121
Net settlement for Equity with settlement number: 2024165,2024-09-02,NSE-EQ - Z,Book Voucher,679.092604,0,484.215517
Net settlement for Equity with settlement number: 2024166,2024-09-03,NSE-EQ - Z,Book Voucher,282.324625,0,201.890892
Being fee for smallcase,2024-09-06,NSE-EQ - Z,Journal Entry,118,0,83.890892
Funds added using payment gateway fromX with reference number IGARUDRXA8,2024-09-06,NSE-EQ - Z,Bank Receipts,0,45000,45083.890892
Being payment gateway charges debited forX,2024-09-06,NSE-EQ - Z,Journal Entry,10.62,0,45073.270892
Net settlement for Equity with settlement number: 2024169,2024-09-06,NSE-EQ - Z,Book Voucher,44656.761797,0,416.509095
DP Charges for Sale of ANGELONE on 16/09/2024,2024-09-16,NSE-EQ - Z,Journal Entry,15.045,0,401.464095
Net settlement for Equity with settlement number: 2024175,2024-09-16,NSE-EQ - Z,Book Voucher,0,3693.826093,4095.290188
Net settlement for Equity with settlement number: 2024177,2024-09-18,NSE-EQ - Z,Book Voucher,3763.263462,0,332.026726
DP Charges for Sale of DRREDDY on 20/09/2024,2024-09-20,NSE-EQ - Z,Journal Entry,15.045,0,301.936726
DP Charges for Sale of RAYMOND on 20/09/2024,2024-09-20,NSE-EQ - Z,Journal Entry,15.045,0,316.981726
Net settlement for Equity with settlement number: 2024179,2024-09-20,NSE-EQ - Z,Book Voucher,0,77687.547956,77989.484682
Net settlement for Equity with settlement number: 2024180,2024-09-23,NSE-EQ - Z,Book Voucher,76619.910088,0,1369.574594
DP Charges for Sale of ANGELONE on 24/09/2024,2024-09-24,NSE-EQ - Z,Journal Entry,15.045,0,1354.529594
Net settlement for Equity with settlement number: 2024181,2024-09-24,NSE-EQ - Z,Book Voucher,0,10399.368102,11753.897696
DP Charges for Sale of RAYMOND on 25/09/2024,2024-09-25,NSE-EQ - Z,Journal Entry,15.045,0,11738.852696
Net settlement for Equity with settlement number: 2024182,2024-09-25,NSE-EQ - Z,Book Voucher,5303.839031,0,6435.013665
DP Charges for Sale of AWFIS on 26/09/2024,2024-09-26,NSE-EQ - Z,Journal Entry,15.045,0,6419.968665
Net settlement for Equity with settlement number: 2024183,2024-09-26,NSE-EQ - Z,Book Voucher,5287.562377,0,1132.406288
Net settlement for Equity with settlement number: 2024184,2024-09-27,NSE-EQ - Z,Book Voucher,932.49939,0,199.906898
DP Charges for Sale of SULA on 30/09/2024,2024-09-30,NSE-EQ - Z,Journal Entry,15.045,0,184.861898
Net settlement for Equity with settlement number: 2024185,2024-09-30,NSE-EQ - Z,Book Voucher,0,1918.259263,2103.121161
Net settlement for Equity with settlement number: 2024186,2024-10-01,NSE-EQ - Z,Book Voucher,1888.541979,0,214.579182
Funds auto-settled to the primary bank account  with reference number 945d939dd93758fb8c8da3,2024-10-04,NSE-EQ - Z,Bank Payments,214.58,0,-0.000818
Being fee for smallcase,2024-10-07,NSE-EQ - Z,Journal Entry,118,0,-118.000818
Funds added using payment gateway fromX with reference number IGARXSWAQ2,2024-10-07,NSE-EQ - Z,Bank Receipts,0,55000,54881.999182
Funds added using payment gateway fromX with reference number IGARXTDJF0,2024-10-07,NSE-EQ - Z,Bank Receipts,0,55000,109881.999182
Being payment gateway charges debited forX,2024-10-07,NSE-EQ - Z,Journal Entry,10.62,0,109871.379182
Being payment gateway charges debited forX,2024-10-07,NSE-EQ - Z,Journal Entry,10.62,0,109860.759182
Net settlement for Equity with settlement number: 2024189,2024-10-07,NSE-EQ - Z,Book Voucher,76826.982153,0,33033.777029
Net settlement for Equity with settlement number: 2024191,2024-10-09,NSE-EQ - Z,Book Voucher,14647.676441,0,18386.100588
Net settlement for Equity with settlement number: 2024192,2024-10-10,NSE-EQ - Z,Book Voucher,18293.606978,0,92.49361
DP Charges for Sale of THOMASCOTT on 14/10/2024,2024-10-14,NSE-EQ - Z,Journal Entry,15.045,0,77.44861
Net settlement for Equity with settlement number: 2024194,2024-10-14,NSE-EQ - Z,Book Voucher,36.620247,0,40.828363
Funds added using payment gateway fromX with reference number IGARZSEWJ7,2024-10-25,NSE-EQ - Z,Bank Receipts,0,50000,50040.828363
Being payment gateway charges debited forX,2024-10-25,NSE-EQ - Z,Journal Entry,10.62,0,50030.208363
Net settlement for Equity with settlement number: 2024203,2024-10-25,NSE-EQ - Z,Book Voucher,49843.428283,0,186.78008
DP Charges for Sale of IDFCFIRSTB on 28/10/2024,2024-10-28,NSE-EQ - Z,Journal Entry,15.045,0,171.73508
Net settlement for Equity with settlement number: 2024204,2024-10-28,NSE-EQ - Z,Book Voucher,0,5829.283942,6001.019022
Funds added using payment gateway fromX with reference number IGASADXGR1,2024-10-29,NSE-EQ - Z,Bank Receipts,0,10000,16001.019022
Being payment gateway charges debited forX,2024-10-29,NSE-EQ - Z,Journal Entry,10.62,0,15990.399022
Net settlement for Equity with settlement number: 2024205,2024-10-29,NSE-EQ - Z,Book Voucher,15484.938748,0,505.460274
Net settlement for Equity with settlement number: 2024206,2024-10-30,NSE-EQ - Z,Book Voucher,203.321036,0,302.139238
Net settlement for Equity with settlement number: 2024209,2024-11-04,NSE-EQ - Z,Book Voucher,203.021022,0,99.118216
Funds added using payment gateway fromX with reference number IGASAXPEY3,2024-11-05,NSE-EQ - Z,Bank Receipts,0,40000,40099.118216
Being payment gateway charges debited forX,2024-11-05,NSE-EQ - Z,Journal Entry,10.62,0,40088.498216
Net settlement for Equity with settlement number: 2024211,2024-11-06,NSE-EQ - Z,Book Voucher,6121.140497,0,33967.357719
Net settlement for Equity with settlement number: 2024213,2024-11-08,NSE-EQ - Z,Book Voucher,24781.952532,0,9185.405187
Net settlement for Equity with settlement number: 2024215,2024-11-12,NSE-EQ - Z,Book Voucher,5678.123926,0,3507.281261
Net settlement for Equity with settlement number: 2024216,2024-11-13,NSE-EQ - Z,Book Voucher,3328.744135,0,178.537126
Funds added using UPI fromX with reference number 432354381002,2024-11-18,NSE-EQ - Z,Bank Receipts,0,90000,90178.537126
Net settlement for Equity with settlement number: 2024219,2024-11-19,NSE-EQ - Z,Book Voucher,25347.080601,0,64831.456525
Net settlement for Equity with settlement number: 2024220,2024-11-21,NSE-EQ - Z,Book Voucher,43035.522442,0,21795.934083
DP Charges for Sale of DREAMFOLKS on 22/11/2024,2024-11-22,NSE-EQ - Z,Journal Entry,15.045,0,21780.889083
Net settlement for Equity with settlement number: 2024221,2024-11-22,NSE-EQ - Z,Book Voucher,0,23227.105145,45007.994228
Net settlement for Equity with settlement number: 2024223,2024-11-26,NSE-EQ - Z,Book Voucher,6656.813841,0,38351.180387
DP Charges for Sale of DREAMFOLKS on 28/11/2024,2024-11-28,NSE-EQ - Z,Journal Entry,15.045,0,38336.135387
DP Charges for Sale of CENTURYPLY on 28/11/2024,2024-11-28,NSE-EQ - Z,Journal Entry,15.045,0,38321.090387
Net settlement for Equity with settlement number: 2024225,2024-11-28,NSE-EQ - Z,Book Voucher,38622.780104,0,-301.689717
DP Charges for Sale of CENTURYPLY on 02/12/2024,2024-12-02,NSE-EQ - Z,Journal Entry,15.045,0,-316.734717
Net settlement for Equity with settlement number: 2024227,2024-12-02,NSE-EQ - Z,Book Voucher,0,2196.686109,1879.951392
DP Charges for Sale of DREAMFOLKS on 05/12/2024,2024-12-05,NSE-EQ - Z,Journal Entry,15.045,0,1864.906392
Net settlement for Equity with settlement number: 2024230,2024-12-05,NSE-EQ - Z,Book Voucher,111.580378,0,1753.326014
Funds added using UPI fromX with reference number 434036159443,2024-12-05,NSE-EQ - Z,Bank Receipts,0,95000,96753.326014
Net settlement for Equity with settlement number: 2024231,2024-12-06,NSE-EQ - Z,Book Voucher,7470.74094,0,89282.585074
Net settlement for Equity with settlement number: 2024232,2024-12-09,NSE-EQ - Z,Book Voucher,17318.563639,0,71964.021435
Net settlement for Equity with settlement number: 2024233,2024-12-10,NSE-EQ - Z,Book Voucher,22829.930185,0,49134.09125
Net settlement for Equity with settlement number: 2024234,2024-12-11,NSE-EQ - Z,Book Voucher,16393.637764,0,32740.453486
Net settlement for Equity with settlement number: 2024235,2024-12-12,NSE-EQ - Z,Book Voucher,17477.264782,0,15263.188704
Net settlement for Equity with settlement number: 2024236,2024-12-13,NSE-EQ - Z,Book Voucher,11465.015115,0,3798.173589
Net settlement for Equity with settlement number: 2024237,2024-12-16,NSE-EQ - Z,Book Voucher,3492.442283,0,305.731306
Net settlement for Equity with settlement number: 2024239,2024-12-18,NSE-EQ - Z,Book Voucher,188.298843,0,117.432463
Funds added using UPI fromX with reference number 435823596378,2024-12-23,NSE-EQ - Z,Bank Receipts,0,60000,60117.432463
Net settlement for Equity with settlement number: 2024242,2024-12-23,NSE-EQ - Z,Book Voucher,55136.308497,0,4981.123966
Net settlement for Equity with settlement number: 2024243,2024-12-24,NSE-EQ - Z,Book Voucher,3546.494268,0,1434.629698
Net settlement for Equity with settlement number: 2024244,2024-12-26,NSE-EQ - Z,Book Voucher,1401.369245,0,33.260453
Funds auto-settled to the primary bank account  with reference number c9fca7290dc736662ee015,2025-01-01,NSE-EQ - Z,Bank Payments,33.26,0,0.000453
DP Charges for Sale of PERSISTENT on 02/01/2025,2025-01-02,NSE-EQ - Z,Journal Entry,15.045,0,-15.044547
Net settlement for Equity with settlement number: 2025002,2025-01-02,NSE-EQ - Z,Book Voucher,0,98.108122,83.063575
Funds added using UPI fromX with reference number 500374750859,2025-01-03,NSE-EQ - Z,Bank Receipts,0,100000,100083.063575
Net settlement for Equity with settlement number: 2025003,2025-01-03,NSE-EQ - Z,Book Voucher,57140.727757,0,42942.335818
Payout of 10000.0/- to State Bank of India 20176720803 A/C number as per withdrawal request made on 2025-01-03 with reference number 4aa0bd86f9,2025-01-04,NSE-EQ - Z,Bank Payments,10000,0,32942.335818
Funds added using UPI fromX with reference number 500646101425,2025-01-06,NSE-EQ - Z,Bank Receipts,0,53000,85942.335818
Net settlement for Equity with settlement number: 2025004,2025-01-06,NSE-EQ - Z,Book Voucher,60076.475751,0,25865.860067
DP Charges for Sale of ICEMAKE on 08/01/2025,2025-01-08,NSE-EQ - Z,Journal Entry,15.045,0,25850.815067
Net settlement for Equity with settlement number: 2025006,2025-01-08,NSE-EQ - Z,Book Voucher,23993.497375,0,1857.317692
DP Charges for Sale of ICEMAKE on 09/01/2025,2025-01-09,NSE-EQ - Z,Journal Entry,15.045,0,1842.272692
Net settlement for Equity with settlement number: 2025007,2025-01-09,NSE-EQ - Z,Book Voucher,1780.360078,0,61.912614
Funds added using UPI fromX with reference number 502269035894,2025-01-22,NSE-EQ - Z,Bank Receipts,0,42500,42561.912614
Net settlement for Equity with settlement number: 2025016,2025-01-22,NSE-EQ - Z,Book Voucher,42087.88152,0,474.031094
Net settlement for Equity with settlement number: 2025018,2025-01-24,NSE-EQ - Z,Book Voucher,284.874741,0,189.156353
Funds added using UPI fromX with reference number 502792785837,2025-01-27,NSE-EQ - Z,Bank Receipts,0,19000,19189.156353
Net settlement for Equity with settlement number: 2025019,2025-01-27,NSE-EQ - Z,Book Voucher,19116.376167,0,72.780186
Funds added using UPI fromX with reference number 502898049437,2025-01-28,NSE-EQ - Z,Bank Receipts,0,80000,80072.780186
Net settlement for Equity with settlement number: 2025020,2025-01-28,NSE-EQ - Z,Book Voucher,67982.237774,0,12090.542412
Net settlement for Equity with settlement number: 2025021,2025-01-29,NSE-EQ - Z,Book Voucher,11966.358873,0,124.183539
DP Charges for Sale of MANORAMA on 12/02/2025,2025-02-12,NSE-EQ - Z,Journal Entry,15.045,0,109.138539
Net settlement for Equity with settlement number: 2025032,2025-02-12,NSE-EQ - Z,Book Voucher,0,155.359893,264.498432
Funds added using UPI fromX with reference number 504478185042,2025-02-13,NSE-EQ - Z,Bank Receipts,0,85000,85264.498432
Net settlement for Equity with settlement number: 2025033,2025-02-13,NSE-EQ - Z,Book Voucher,601.384257,0,84663.114175
Net settlement for Equity with settlement number: 2025034,2025-02-14,NSE-EQ - Z,Book Voucher,62989.35867,0,21673.755505
Net settlement for Equity with settlement number: 2025035,2025-02-17,NSE-EQ - Z,Book Voucher,21637.197306,0,36.558199
DP Charges for Sale of APTUS on 05/09/2023,2023-09-05,NSE-EQ - Z,Journal Entry,15.93,0,25491.920758
DP Charges for Sale of INDIGO on 18/02/2025,2025-02-18,NSE-EQ - Z,Journal Entry,15.045,0,21.513199
DP Charges for Sale of ASIANPAINT on 18/02/2025,2025-02-18,NSE-EQ - Z,Journal Entry,15.045,0,6.468199
Net settlement for Equity with settlement number: 2025036,2025-02-18,NSE-EQ - Z,Book Voucher,8.206184,0,-1.737985
AMC for Demat Account for 12-09-2024 to 11-12-2024,2025-03-24,NSE-EQ - Z,Journal Entry,88.5,0,-90.237985
Net settlement for Equity with settlement number: 2025060,2025-03-26,NSE-EQ - Z,Book Voucher,0,27814.889609,27724.651624
DP Charges for Sale of NUVAMA on 26/03/2025,2025-03-26,NSE-EQ - Z,Journal Entry,15.045,0,27709.606624
Net settlement for Equity with settlement number: 2025062,2025-03-28,NSE-EQ - Z,Book Voucher,15281.758275,0,12427.848349
DP Charges for Sale of PIIND on 01/04/2025,2025-04-01,NSE-EQ - Z,Journal Entry,15.045,0,12412.803349
Net settlement for Equity with settlement number: 2025063,2025-04-01,NSE-EQ - Z,Book Voucher,0,3351.330366,15764.133715
Net settlement for Equity with settlement number: 2025064,2025-04-02,NSE-EQ - Z,Book Voucher,8643.484732,0,7120.648983
Net settlement for Equity with settlement number: 2025065,2025-04-03,NSE-EQ - Z,Book Voucher,6094.899446,0,1025.749537
Net settlement for Equity with settlement number: 2025066,2025-04-04,NSE-EQ - Z,Book Voucher,778.347113,0,247.402424
AMC for Demat Account for 12-12-2024 to 12-03-2025,2025-04-30,NSE-EQ - Z,Journal Entry,88.5,0,158.902424
Funds added using UPI fromX with reference number 161912401295,2025-05-09,NSE-EQ - Z,Bank Receipts,0,125000,125158.902424
Net settlement for Equity with settlement number: 2025090,2025-05-14,NSE-EQ - Z,Book Voucher,124803.681224,0,355.2212
DP Charges for Sale of MASFIN on 14/05/2025,2025-05-14,NSE-EQ - Z,Journal Entry,15.045,0,340.1762
Funds added using UPI fromX with reference number 516069290106,2025-06-09,NSE-EQ - Z,Bank Receipts,0,50000,50340.1762
Net settlement for Equity with settlement number: 2025110,2025-06-11,NSE-EQ - Z,Book Voucher,28692.204534,0,21647.971666
Net settlement for Equity with settlement number: 2025113,2025-06-16,NSE-EQ - Z,Book Voucher,9840.031609,0,11807.940057
Net settlement for Equity with settlement number: 2025114,2025-06-17,NSE-EQ - Z,Book Voucher,7004.90732,0,4803.032737
Funds transferred back as part of quarterly settlement with reference number 73052106897332bd0e4128,2025-07-04,NSE-EQ - Z,Bank Payments,4803.03,0,0.002737
Funds added using payment gateway fromX with reference number IGATALIZU0,2025-07-08,NSE-EQ - Z,Bank Receipts,0,1000,1000.002737
Being payment gateway charges debited forX,2025-07-08,NSE-EQ - Z,Journal Entry,10.62,0,989.382737
Funds added using UPI fromX with reference number 100931639306,2025-07-08,NSE-EQ - Z,Bank Receipts,0,50000,50989.382737
Net settlement for Equity with settlement number: 2025129,2025-07-08,NSE-EQ - Z,Book Voucher,17091.89385,0,33897.488887
Net settlement for Equity with settlement number: 2025131,2025-07-10,NSE-EQ - Z,Book Voucher,16434.625857,0,17462.86303
Net settlement for Equity with settlement number: 2025132,2025-07-11,NSE-EQ - Z,Book Voucher,13234.481636,0,4228.381394
DP Charges for Sale of MASFIN on 14/07/2025,2025-07-14,NSE-EQ - Z,Journal Entry,15.045,0,4213.336394
Net settlement for Equity with settlement number: 2025133,2025-07-14,NSE-EQ - Z,Book Voucher,0,1852.767949,6066.104343
DP Charges for Sale of MASFIN on 15/07/2025,2025-07-15,NSE-EQ - Z,Journal Entry,15.045,0,6051.059343
Net settlement for Equity with settlement number: 2025134,2025-07-15,NSE-EQ - Z,Book Voucher,0,452.027639,6503.086982
DP Charges for Sale of ANGELONE on 16/07/2025,2025-07-16,NSE-EQ - Z,Journal Entry,15.045,0,6488.041982
Net settlement for Equity with settlement number: 2025135,2025-07-16,NSE-EQ - Z,Book Voucher,2406.418167,0,4081.623815
DP Charges for Sale of ANGELONE on 17/07/2025,2025-07-17,NSE-EQ - Z,Journal Entry,15.045,0,4066.578815
Net settlement for Equity with settlement number: 2025136,2025-07-17,NSE-EQ - Z,Book Voucher,1481.415314,0,2585.163501
Net settlement for Equity with settlement number: 2025137,2025-07-18,NSE-EQ - Z,Book Voucher,0,26058.704744,28643.868245
DP Charges for Sale of CDSL on 18/07/2025,2025-07-18,NSE-EQ - Z,Journal Entry,15.045,0,28628.823245
Net settlement for Equity with settlement number: 2025138,2025-07-21,NSE-EQ - Z,Book Voucher,0,4385.091166,33013.914411
DP Charges for Sale of ANGELONE on 21/07/2025,2025-07-21,NSE-EQ - Z,Journal Entry,15.045,0,32998.869411
AMC for Demat Account for 13-03-2025 to 11-06-2025,2025-07-22,NSE-EQ - Z,Journal Entry,88.5,0,32910.369411
Net settlement for Equity with settlement number: 2025139,2025-07-22,NSE-EQ - Z,Book Voucher,13259.214348,0,19651.155063
Net settlement for Equity with settlement number: 2025140,2025-07-23,NSE-EQ - Z,Book Voucher,7614.117465,0,12037.037598
Net settlement for Equity with settlement number: 2025141,2025-07-24,NSE-EQ - Z,Book Voucher,11641.852613,0,395.184985
Net settlement for Equity with settlement number: 2025142,2025-07-25,NSE-EQ - Z,Book Voucher,220.220037,0,174.964948
DP Charges for Sale of MASFIN on 28/07/2025,2025-07-28,NSE-EQ - Z,Journal Entry,15.045,0,159.919948
DP Charges for Sale of KPITTECH on 28/07/2025,2025-07-28,NSE-EQ - Z,Journal Entry,15.045,0,144.874948
Net settlement for Equity with settlement number: 2025143,2025-07-28,NSE-EQ - Z,Book Voucher,0,17.927815,162.802763
DP Charges for Sale of KPITTECH on 29/07/2025,2025-07-29,NSE-EQ - Z,Journal Entry,15.045,0,147.757763
DP Charges for Sale of BIKAJI on 29/07/2025,2025-07-29,NSE-EQ - Z,Journal Entry,15.045,0,132.712763
Net settlement for Equity with settlement number: 2025144,2025-07-29,NSE-EQ - Z,Book Voucher,0,1249.606691,1382.319454
Net settlement for Equity with settlement number: 2025146,2025-07-31,NSE-EQ - Z,Book Voucher,0,20767.306761,22149.626215
DP Charges for Sale of KPITTECH on 31/07/2025,2025-07-31,NSE-EQ - Z,Journal Entry,15.045,0,22134.581215
DP Charges for Sale of IGIL on 31/07/2025,2025-07-31,NSE-EQ - Z,Journal Entry,15.045,0,22119.536215
Net settlement for Equity with settlement number: 2025147,2025-08-01,NSE-EQ - Z,Book Voucher,0,35852.296255,57971.83247
DP Charges for Sale of BIKAJI on 01/08/2025,2025-08-01,NSE-EQ - Z,Journal Entry,15.045,0,57956.78747
Net settlement for Equity with settlement number: 2025148,2025-08-04,NSE-EQ - Z,Book Voucher,13102.241814,0,44854.545656
DP Charges for Sale of BSE on 04/08/2025,2025-08-04,NSE-EQ - Z,Journal Entry,15.045,0,44839.500656
Net settlement for Equity with settlement number: 2025149,2025-08-05,NSE-EQ - Z,Book Voucher,7246.305349,0,37593.195307
Net settlement for Equity with settlement number: 2025150,2025-08-06,NSE-EQ - Z,Book Voucher,10610.691174,0,26982.504133
DP Charges for Sale of V2RETAIL on 07/08/2025,2025-08-07,NSE-EQ - Z,Journal Entry,15.045,0,26967.459133
Net settlement for Equity with settlement number: 2025151,2025-08-07,NSE-EQ - Z,Book Voucher,25056.730047,0,1910.729086
Net settlement for Equity with settlement number: 2025152,2025-08-08,NSE-EQ - Z,Book Voucher,1207.466607,0,703.262479
DP Charges for Sale of CMSINFO on 11/08/2025,2025-08-11,NSE-EQ - Z,Journal Entry,15.045,0,688.217479
Net settlement for Equity with settlement number: 2025153,2025-08-11,NSE-EQ - Z,Book Voucher,0,2171.337483,2859.554962
Net settlement for Equity with settlement number: 2025155,2025-08-13,NSE-EQ - Z,Book Voucher,1897.09789,0,962.457072
DP Charges for Sale of THERMAX on 14/08/2025,2025-08-14,NSE-EQ - Z,Journal Entry,15.045,0,947.412072
DP Charges for Sale of PCJEWELLER on 14/08/2025,2025-08-14,NSE-EQ - Z,Journal Entry,15.045,0,932.367072
Net settlement for Equity with settlement number: 2025156,2025-08-14,NSE-EQ - Z,Book Voucher,0,52507.163709,53439.530781
Net settlement for Equity with settlement number: 2025157,2025-08-18,NSE-EQ - Z,Book Voucher,4730.42642,0,48709.104361
Net settlement for Equity with settlement number: 2025159,2025-08-20,NSE-EQ - Z,Book Voucher,8271.06408,0,40438.040281
DP Charges for Sale of KPITTECH on 22/08/2025,2025-08-22,NSE-EQ - Z,Journal Entry,15.045,0,40422.995281
DP Charges for Sale of CMSINFO on 22/08/2025,2025-08-22,NSE-EQ - Z,Journal Entry,15.045,0,40407.950281
DP Charges for Sale of ANGELONE on 22/08/2025,2025-08-22,NSE-EQ - Z,Journal Entry,15.045,0,40392.905281
Net settlement for Equity with settlement number: 2025161,2025-08-22,NSE-EQ - Z,Book Voucher,30364.191586,0,10028.713695
Net settlement for Equity with settlement number: 2025162,2025-08-25,NSE-EQ - Z,Book Voucher,1660.322028,0,8368.391667
Net settlement for Equity with settlement number: 2025163,2025-08-26,NSE-EQ - Z,Book Voucher,2514.103926,0,5854.287741
Net settlement for Equity with settlement number: 2025165,2025-08-29,NSE-EQ - Z,Book Voucher,1951.840604,0,3902.447137
Net settlement for Equity with settlement number: 2025169,2025-09-04,NSE-EQ - Z,Book Voucher,3422.16528,0,480.281857
DP Charges for Sale of CMSINFO on 05/09/2025,2025-09-05,NSE-EQ - Z,Journal Entry,15.045,0,465.236857
Net settlement for Equity with settlement number: 2025170,2025-09-05,NSE-EQ - Z,Book Voucher,0,38553.07651,39018.313367
Net settlement for Equity with settlement number: 2025171,2025-09-08,NSE-EQ - Z,Book Voucher,30845.063485,0,8173.249882
Net settlement for Equity with settlement number: 2025172,2025-09-09,NSE-EQ - Z,Book Voucher,7899.10535,0,274.144532
Net settlement for Equity with settlement number: 2025174,2025-09-11,NSE-EQ - Z,Book Voucher,273.282403,0,0.862129
Net settlement for Equity with settlement number: 2025175,2025-09-12,NSE-EQ - Z,Book Voucher,0,173288.053669,173288.915798
DP Charges for Sale of MASFIN on 12/09/2025,2025-09-12,NSE-EQ - Z,Journal Entry,15.045,0,173273.870798
Net settlement for Equity with settlement number: 2025176,2025-09-15,NSE-EQ - Z,Book Voucher,3028.094098,0,170245.7767
DP Charges for Sale of GSM-RE on 15/09/2025,2025-09-15,NSE-EQ - Z,Journal Entry,15.045,0,170230.7317
Net settlement for Equity with settlement number: 2025177,2025-09-16,NSE-EQ - Z,Book Voucher,21543.182996,0,148687.548704
DP Charges for Sale of LEHAR on 17/09/2025,2025-09-17,NSE-EQ - Z,Journal Entry,15.045,0,148672.503704
Net settlement for Equity with settlement number: 2025178,2025-09-17,NSE-EQ - Z,Book Voucher,0,263.827991,148936.331695
Net settlement for Equity with settlement number: 2025179,2025-09-18,NSE-EQ - Z,Book Voucher,132897.975272,0,16038.356423
Net settlement for Equity with settlement number: 2025180,2025-09-19,NSE-EQ - Z,Book Voucher,15332.337679,0,706.018744
Net settlement for Equity with settlement number: 2025181,2025-09-22,NSE-EQ - Z,Book Voucher,0,125769.180588,126475.199332
DP Charges for Sale of KPITTECH on 22/09/2025,2025-09-22,NSE-EQ - Z,Journal Entry,15.045,0,126460.154332
Net settlement for Equity with settlement number: 2025182,2025-09-23,NSE-EQ - Z,Book Voucher,22673.357639,0,103786.796693
Net settlement for Equity with settlement number: 2025183,2025-09-24,NSE-EQ - Z,Book Voucher,0,262146.60459,365933.401283
DP Charges for Sale of PERSISTENT on 24/09/2025,2025-09-24,NSE-EQ - Z,Journal Entry,15.045,0,365918.356283
Net settlement for Equity with settlement number: 2025184,2025-09-25,NSE-EQ - Z,Book Voucher,12769.696697,0,353148.659586
Net settlement for Equity with settlement number: 2025185,2025-09-26,NSE-EQ - Z,Book Voucher,18063.377457,0,335085.282129
Net settlement for Equity with settlement number: 2025186,2025-09-29,NSE-EQ - Z,Book Voucher,72269.236609,0,262816.04552
Net settlement for Equity with settlement number: 2025187,2025-09-30,NSE-EQ - Z,Book Voucher,4874.622631,0,257941.422889
Net settlement for Equity with settlement number: 2025188,2025-10-01,NSE-EQ - Z,Book Voucher,2206.392454,0,255735.030435
Net settlement for Equity with settlement number: 2025189,2025-10-03,NSE-EQ - Z,Book Voucher,1495.827906,0,254239.202529
Funds transferred back as part of quarterly settlement with reference number e7b649c486058b3e9b68e9,2025-10-03,NSE-EQ - Z,Bank Payments,253367.13,0,872.072529
Net settlement for Equity with settlement number: 2025191,2025-10-07,NSE-EQ - Z,Book Voucher,292.340935,0,579.731594
Net settlement for Equity with settlement number: 2025201,2025-10-21,NSE-EQ - Z,Book Voucher,0,14708.094523,15287.826117
DP Charges for Sale of ANGELONE on 21/10/2025,2025-10-21,NSE-EQ - Z,Journal Entry,15.045,0,15272.781117
Reversal of Brokerage  on 2025-10-21 for 2025201,2025-10-21,NSE-EQ - Z,Journal Entry,0,0.0118,15272.792917
Funds added using UPI fromX with reference number 529643781777,2025-10-23,NSE-EQ - Z,Bank Receipts,0,100000,115272.792917
Net settlement for Equity with settlement number: 2025202,2025-10-23,NSE-EQ - Z,Book Voucher,29839.197037,0,85433.59588
DP Charges for Sale of LUXIND on 23/10/2025,2025-10-23,NSE-EQ - Z,Journal Entry,15.045,0,85418.55088
DP Charges for Sale of WENDT on 23/10/2025,2025-10-23,NSE-EQ - Z,Journal Entry,15.045,0,85403.50588
AMC for Demat Account for 12-06-2025 to 10-09-2025,2025-10-24,NSE-EQ - Z,Journal Entry,88.5,0,85315.00588
Net settlement for Equity with settlement number: 2025203,2025-10-24,NSE-EQ - Z,Book Voucher,10177.775829,0,75137.230051
Net settlement for Equity with settlement number: 2025204,2025-10-27,NSE-EQ - Z,Book Voucher,16694.526065,0,58442.703986
Net settlement for Equity with settlement number: 2025205,2025-10-28,NSE-EQ - Z,Book Voucher,58200.976216,0,241.72777
Funds added using UPI fromX with reference number 101816255630,2025-10-29,NSE-EQ - Z,Bank Receipts,0,100000,100241.72777
DP Charges for Sale of J&KBANK on 29/10/2025,2025-10-29,NSE-EQ - Z,Journal Entry,15.045,0,100226.68277
Net settlement for Equity with settlement number: 2025206,2025-10-29,NSE-EQ - Z,Book Voucher,3374.506799,0,96852.175971
Net settlement for Equity with settlement number: 2025207,2025-10-30,NSE-EQ - Z,Book Voucher,2793.31617,0,94058.859801
DP Charges for Sale of SONACOMS on 31/10/2025,2025-10-31,NSE-EQ - Z,Journal Entry,15.045,0,94043.814801
DP Charges for Sale of BLS on 31/10/2025,2025-10-31,NSE-EQ - Z,Journal Entry,15.045,0,94028.769801
Net settlement for Equity with settlement number: 2025208,2025-10-31,NSE-EQ - Z,Book Voucher,0,32688.018382,126716.788183
Net settlement for Equity with settlement number: 2025210,2025-11-04,NSE-EQ - Z,Book Voucher,19380.707963,0,107336.08022
Net settlement for Equity with settlement number: 2025211,2025-11-06,NSE-EQ - Z,Book Voucher,67266.676088,0,40069.404132
Net settlement for Equity with settlement number: 2025212,2025-11-07,NSE-EQ - Z,Book Voucher,2803.116537,0,37266.287595
Net settlement for Equity with settlement number: 2025213,2025-11-10,NSE-EQ - Z,Book Voucher,36624.182886,0,642.104709
DP Charges for Sale of BLS on 11/11/2025,2025-11-11,NSE-EQ - Z,Journal Entry,15.045,0,627.059709
Net settlement for Equity with settlement number: 2025214,2025-11-11,NSE-EQ - Z,Book Voucher,0,4027.239877,4654.299586
Net settlement for Equity with settlement number: 2025215,2025-11-12,NSE-EQ - Z,Book Voucher,4217.855862,0,436.443724
Funds added using UPI fromX with reference number 101963994759,2025-11-14,NSE-EQ - Z,Bank Receipts,0,60000,60436.443724
Net settlement for Equity with settlement number: 2025217,2025-11-14,NSE-EQ - Z,Book Voucher,7709.820507,0,52726.623217
DP Charges for Sale of SULA on 17/11/2025,2025-11-17,NSE-EQ - Z,Journal Entry,15.045,0,52711.578217
Net settlement for Equity with settlement number: 2025218,2025-11-17,NSE-EQ - Z,Book Voucher,0,8503.755011,61215.333228
DP Charges for Sale of BLUESTARCO on 18/11/2025,2025-11-18,NSE-EQ - Z,Journal Entry,15.045,0,61200.288228
DP Charges for Sale of SULA on 18/11/2025,2025-11-18,NSE-EQ - Z,Journal Entry,15.045,0,61185.243228
Net settlement for Equity with settlement number: 2025219,2025-11-18,NSE-EQ - Z,Book Voucher,56066.077108,0,5119.16612
Net settlement for Equity with settlement number: 2025221,2025-11-20,NSE-EQ - Z,Book Voucher,1420.564898,0,3698.601222
DP Charges for Sale of BLUESTARCO on 21/11/2025,2025-11-21,NSE-EQ - Z,Journal Entry,15.045,0,3683.556222
Net settlement for Equity with settlement number: 2025222,2025-11-21,NSE-EQ - Z,Book Voucher,1978.310069,0,1705.246153
Net settlement for Equity with settlement number: 2025223,2025-11-24,NSE-EQ - Z,Book Voucher,1674.52436,0,30.721793
DP Charges for Sale of SAFARI on 01/12/2025,2025-12-01,NSE-EQ - Z,Journal Entry,15.045,0,15.676793
Net settlement for Equity with settlement number: 2025228,2025-12-01,NSE-EQ - Z,Book Voucher,0,41.495781,57.172574
Net settlement for Equity with settlement number: 2025230,2025-12-03,NSE-EQ - Z,Book Voucher,0,18.75689,75.929464
DP Charges for Sale of BLUESTARCO on 03/12/2025,2025-12-03,NSE-EQ - Z,Journal Entry,15.045,0,60.884464
Net settlement for Equity with settlement number: 2025233,2025-12-08,NSE-EQ - Z,Book Voucher,0,5301.934451,5362.818915
DP Charges for Sale of ATHERENERG on 08/12/2025,2025-12-08,NSE-EQ - Z,Journal Entry,15.045,0,5347.773915
DP Charges for Sale of BLUESTARCO on 08/12/2025,2025-12-08,NSE-EQ - Z,Journal Entry,15.045,0,5332.728915
DP Charges for Sale of SONACOMS on 10/12/2025,2025-12-10,NSE-EQ - Z,Journal Entry,15.045,0,5317.683915
Net settlement for Equity with settlement number: 2025235,2025-12-10,NSE-EQ - Z,Book Voucher,2320.331825,0,2997.35209
Net settlement for Equity with settlement number: 2025236,2025-12-11,NSE-EQ - Z,Book Voucher,1364.562803,0,1632.789287
DP Charges for Sale of BLUESTARCO on 15/12/2025,2025-12-15,NSE-EQ - Z,Journal Entry,15.045,0,1617.744287
Net settlement for Equity with settlement number: 2025238,2025-12-15,NSE-EQ - Z,Book Voucher,0,1965.61306,3583.357347
DP Charges for Sale of SONACOMS on 17/12/2025,2025-12-17,NSE-EQ - Z,Journal Entry,15.045,0,3568.312347
Net settlement for Equity with settlement number: 2025240,2025-12-17,NSE-EQ - Z,Book Voucher,3024.881586,0,543.430761
DP Charges for Sale of SONACOMS on 19/12/2025,2025-12-19,NSE-EQ - Z,Journal Entry,15.045,0,528.385761
Net settlement for Equity with settlement number: 2025242,2025-12-19,NSE-EQ - Z,Book Voucher,0,613.632771,1142.018532
Net settlement for Equity with settlement number: 2025244,2025-12-23,NSE-EQ - Z,Book Voucher,0,45382.683019,46524.701551
DP Charges for Sale of SONACOMS on 23/12/2025,2025-12-23,NSE-EQ - Z,Journal Entry,15.045,0,46509.656551
Net settlement for Equity with settlement number: 2025245,2025-12-24,NSE-EQ - Z,Book Voucher,6056.788089,0,40452.868462
Net settlement for Equity with settlement number: 2025246,2025-12-26,NSE-EQ - Z,Book Voucher,19312.623956,0,21140.244506
Net settlement for Equity with settlement number: 2025247,2025-12-29,NSE-EQ - Z,Book Voucher,20863.064855,0,277.179651
DP Charges for Sale of METROBRAND on 29/12/2025,2025-12-29,NSE-EQ - Z,Journal Entry,15.045,0,262.134651
Funds added using UPI fromX with reference number 196425640016,2026-01-01,NSE-EQ - Z,Bank Receipts,0,100000,100262.134651
Net settlement for Equity with settlement number: 2026001,2026-01-01,NSE-EQ - Z,Book Voucher,12683.19606,0,87578.938591
Net settlement for Equity with settlement number: 2026002,2026-01-02,NSE-EQ - Z,Book Voucher,6610.618181,0,80968.32041
Funds transferred back as part of quarterly settlement with reference number 5c448e00f150c9175f4df8,2026-01-02,NSE-EQ - Z,Bank Payments,78396.1,0,2572.22041
Funds added using UPI fromX with reference number 945667870056,2026-01-05,NSE-EQ - Z,Bank Receipts,0,100000,102572.22041
Net settlement for Equity with settlement number: 2026003,2026-01-05,NSE-EQ - Z,Book Voucher,76177.297971,0,26394.922439
DP Charges for Sale of TIPSMUSIC on 06/01/2026,2026-01-06,NSE-EQ - Z,Journal Entry,15.045,0,26379.877439
Net settlement for Equity with settlement number: 2026004,2026-01-06,NSE-EQ - Z,Book Voucher,0,13784.944434,40164.821873
Net settlement for Equity with settlement number: 2026005,2026-01-07,NSE-EQ - Z,Book Voucher,11734.120031,0,28430.701842
DP Charges for Sale of SULA on 07/01/2026,2026-01-07,NSE-EQ - Z,Journal Entry,15.045,0,28415.656842
DP Charges for Sale of SULA on 08/01/2026,2026-01-08,NSE-EQ - Z,Journal Entry,15.045,0,28400.611842
Net settlement for Equity with settlement number: 2026006,2026-01-08,NSE-EQ - Z,Book Voucher,26750.295193,0,1650.316649
Net settlement for Equity with settlement number: 2026007,2026-01-09,NSE-EQ - Z,Book Voucher,1625.022508,0,25.294141
Funds added using UPI fromX with reference number 446424670126,2026-01-12,NSE-EQ - Z,Bank Receipts,0,50000,50025.294141
DP Charges for Sale of SOLARINDS on 12/01/2026,2026-01-12,NSE-EQ - Z,Journal Entry,15.045,0,50010.249141
Net settlement for Equity with settlement number: 2026008,2026-01-12,NSE-EQ - Z,Book Voucher,15863.674865,0,34146.574276
DP Charges for Sale of VINCOFE on 14/01/2026,2026-01-14,NSE-EQ - Z,Journal Entry,15.045,0,34131.529276
Net settlement for Equity with settlement number: 2026010,2026-01-14,NSE-EQ - Z,Book Voucher,11380.535051,0,22750.994225
AMC for Demat Account for 11-09-2025 to 10-12-2025,2026-01-16,NSE-EQ - Z,Journal Entry,88.5,0,22662.494225
Net settlement for Equity with settlement number: 2026012,2026-01-16,NSE-EQ - Z,Book Voucher,16755.187773,0,5907.306452
Net settlement for Equity with settlement number: 2026013,2026-01-19,NSE-EQ - Z,Book Voucher,5761.69004,0,145.616412
DP Charges for Sale of ANGELONE on 20/01/2026,2026-01-20,NSE-EQ - Z,Journal Entry,15.045,0,130.571412
Net settlement for Equity with settlement number: 2026014,2026-01-20,NSE-EQ - Z,Book Voucher,0,29258.459872,29389.031284
Net settlement for Equity with settlement number: 2026015,2026-01-21,NSE-EQ - Z,Book Voucher,22898.817348,0,6490.213936
Net settlement for Equity with settlement number: 2026016,2026-01-22,NSE-EQ - Z,Book Voucher,5624.522033,0,865.691903
DP Charges for Sale of ANGELONE on 23/01/2026,2026-01-23,NSE-EQ - Z,Journal Entry,15.045,0,850.646903
DP Charges for Sale of EPACK on 23/01/2026,2026-01-23,NSE-EQ - Z,Journal Entry,15.045,0,835.601903
Net settlement for Equity with settlement number: 2026017,2026-01-23,NSE-EQ - Z,Book Voucher,325.677834,0,509.924069
Net settlement for Equity with settlement number: 2026018,2026-01-27,NSE-EQ - Z,Book Voucher,228.420344,0,281.503725
Net settlement for Equity with settlement number: 2026019,2026-01-28,NSE-EQ - Z,Book Voucher,0,143.440922,424.944647
DP Charges for Sale of METROBRAND on 28/01/2026,2026-01-28,NSE-EQ - Z,Journal Entry,15.045,0,409.899647
Net settlement for Equity with settlement number: 2026300,2026-02-01,NSE-EQ - Z,Book Voucher,66915.771223,0,-66505.871576
Funds added using UPI fromX with reference number 109103286886,2026-02-01,NSE-EQ - Z,Bank Receipts,0,100000,33494.128424
Net settlement for Equity with settlement number: 2026022,2026-02-02,NSE-EQ - Z,Book Voucher,10764.273593,0,22729.854831
Funds added using UPI fromX with reference number 981207400356,2026-02-04,NSE-EQ - Z,Bank Receipts,0,50000,72729.854831
Net settlement for Equity with settlement number: 2026024,2026-02-04,NSE-EQ - Z,Book Voucher,24818.778468,0,47911.076363
Net settlement for Equity with settlement number: 2026025,2026-02-05,NSE-EQ - Z,Book Voucher,2320.41712,0,45590.659243
Net settlement for Equity with settlement number: 2026027,2026-02-09,NSE-EQ - Z,Book Voucher,2758.114854,0,42832.544389
Net settlement for Equity with settlement number: 2026029,2026-02-11,NSE-EQ - Z,Book Voucher,3481.241864,0,39351.302525
Net settlement for Equity with settlement number: 2026030,2026-02-12,NSE-EQ - Z,Book Voucher,4620.934419,0,34730.368106
DP Charges for Sale of MAHABANK on 16/02/2026,2026-02-16,NSE-EQ - Z,Journal Entry,15.045,0,34715.323106
Net settlement for Equity with settlement number: 2026032,2026-02-16,NSE-EQ - Z,Book Voucher,34525.087013,0,190.236093
DP Charges for Sale of SGBDE31III on 17/02/2026,2026-02-17,NSE-EQ - Z,Journal Entry,15.045,0,175.191093
Net settlement for Equity with settlement number: 2026033,2026-02-17,NSE-EQ - Z,Book Voucher,0,2454.629736,2629.820829
Funds added using UPI fromX with reference number 109216639058,2026-02-18,NSE-EQ - Z,Bank Receipts,0,25000,27629.820829
Net settlement for Equity with settlement number: 2026034,2026-02-18,NSE-EQ - Z,Book Voucher,3388.049411,0,24241.771418
Net settlement for Equity with settlement number: 2026035,2026-02-19,NSE-EQ - Z,Book Voucher,8007.320053,0,16234.451365
Net settlement for Equity with settlement number: 2026038,2026-02-24,NSE-EQ - Z,Book Voucher,777.345004,0,15457.106361
Net settlement for Equity with settlement number: 2026039,2026-02-25,NSE-EQ - Z,Book Voucher,3596.146125,0,11860.960236
Net settlement for Equity with settlement number: 2026040,2026-02-26,NSE-EQ - Z,Book Voucher,4603.793681,0,7257.166555
Net settlement for Equity with settlement number: 2026041,2026-02-27,NSE-EQ - Z,Book Voucher,6945.954357,0,311.212198
Net settlement for Equity with settlement number: 2026042,2026-03-02,NSE-EQ - Z,Book Voucher,296.672896,0,14.539302
Funds added using UPI fromX with reference number 808989390636,2026-03-04,NSE-EQ - Z,Bank Receipts,0,25000,25014.539302
DP Charges for Sale of JAINREC on 04/03/2026,2026-03-04,NSE-EQ - Z,Journal Entry,15.045,0,24999.494302
Net settlement for Equity with settlement number: 2026043,2026-03-04,NSE-EQ - Z,Book Voucher,18969.492942,0,6030.00136
Net settlement for Equity with settlement number: 2026044,2026-03-05,NSE-EQ - Z,Book Voucher,5871.731167,0,158.270193
DP Charges for Sale of PNGJL on 09/03/2026,2026-03-09,NSE-EQ - Z,Journal Entry,15.045,0,143.225193
Net settlement for Equity with settlement number: 2026046,2026-03-09,NSE-EQ - Z,Book Voucher,0,640.049086,783.274279
DP Charges for Sale of PNGJL on 10/03/2026,2026-03-10,NSE-EQ - Z,Journal Entry,15.045,0,768.229279
Net settlement for Equity with settlement number: 2026047,2026-03-10,NSE-EQ - Z,Book Voucher,0,73225.296301,73993.52558
Net settlement for Equity with settlement number: 2026048,2026-03-11,NSE-EQ - Z,Book Voucher,4884.244268,0,69109.281312
Net settlement for Equity with settlement number: 2026049,2026-03-12,NSE-EQ - Z,Book Voucher,8781.397807,0,60327.883505
Net settlement for Equity with settlement number: 2026050,2026-03-13,NSE-EQ - Z,Book Voucher,10849.077119,0,49478.806386
Net settlement for Equity with settlement number: 2026051,2026-03-16,NSE-EQ - Z,Book Voucher,18129.564354,0,31349.242032
Net settlement for Equity with settlement number: 2026052,2026-03-17,NSE-EQ - Z,Book Voucher,17285.166977,0,14064.075055
Net settlement for Equity with settlement number: 2026053,2026-03-18,NSE-EQ - Z,Book Voucher,1948.100207,0,12115.974848
Net settlement for Equity with settlement number: 2026054,2026-03-19,NSE-EQ - Z,Book Voucher,11673.5665,0,442.408348
DP Charges for Sale of POLYCAB on 20/03/2026,2026-03-20,NSE-EQ - Z,Journal Entry,15.045,0,427.363348
Net settlement for Equity with settlement number: 2026055,2026-03-20,NSE-EQ - Z,Book Voucher,325.065315,0,102.298033
Funds added using UPI fromX with reference number 650646140826,2026-03-23,NSE-EQ - Z,Bank Receipts,0,25000,25102.298033
Net settlement for Equity with settlement number: 2026056,2026-03-23,NSE-EQ - Z,Book Voucher,24933.446916,0,168.851117
DP Charges for Sale of GSMFOILS on 10/04/2026,2026-04-10,NSE-EQ - Z,Journal Entry,15.045,0,153.806117
Net settlement for Equity with settlement number: 2026067,2026-04-10,NSE-EQ - Z,Book Voucher,0,94901.43463,95055.240747
AMC for Demat Account for 11-12-2025 to 11-03-2026,2026-04-11,NSE-EQ - Z,Journal Entry,88.5,0,94966.740747
Funds auto-settled to the primary bank account  with reference number 225ca928b8d1fadec5abb8,2026-04-17,NSE-EQ - Z,Bank Payments,94966.74,0,0.000747
Funds added using UPI fromX with reference number 360972071106,2026-04-20,NSE-EQ - Z,Bank Receipts,0,100000,100000.000747
DP Charges for Sale of GSMFOILS on 20/04/2026,2026-04-20,NSE-EQ - Z,Journal Entry,15.045,0,99984.955747
Net settlement for Equity with settlement number: 2026072,2026-04-20,NSE-EQ - Z,Book Voucher,0,105899.655353,205884.6111
Net settlement for Equity with settlement number: 2026075,2026-04-23,NSE-EQ - Z,Book Voucher,5814.255611,0,200070.355489
Net settlement for Equity with settlement number: 2026076,2026-04-24,NSE-EQ - Z,Book Voucher,3629.397369,0,196440.95812
Net settlement for Equity with settlement number: 2026077,2026-04-27,NSE-EQ - Z,Book Voucher,8610.402498,0,187830.555622
Net settlement for Equity with settlement number: 2026078,2026-04-28,NSE-EQ - Z,Book Voucher,2818.117098,0,185012.438524
Net settlement for Equity with settlement number: 2026079,2026-04-29,NSE-EQ - Z,Book Voucher,7596.295599,0,177416.142925
Net settlement for Equity with settlement number: 2026082,2026-05-05,NSE-EQ - Z,Book Voucher,5439.00861,0,171977.134315
Net settlement for Equity with settlement number: 2026083,2026-05-06,NSE-EQ - Z,Book Voucher,11433.53898,0,160543.595335
Net settlement for Equity with settlement number: 2026085,2026-05-08,NSE-EQ - Z,Book Voucher,7815.503799,0,152728.091536
Net settlement for Equity with settlement number: 2026086,2026-05-11,NSE-EQ - Z,Book Voucher,23089.591434,0,129638.500102
Net settlement for Equity with settlement number: 2026087,2026-05-12,NSE-EQ - Z,Book Voucher,5639.222471,0,123999.277631
Net settlement for Equity with settlement number: 2026088,2026-05-13,NSE-EQ - Z,Book Voucher,2679.911928,0,121319.365703
Net settlement for Equity with settlement number: 2026089,2026-05-14,NSE-EQ - Z,Book Voucher,7839.127353,0,113480.23835
Net settlement for Equity with settlement number: 2026097,2026-05-26,NSE-EQ - Z,Book Voucher,0,26226.293384,139706.531734
DP Charges for Sale of METROBRAND on 26/05/2026,2026-05-26,NSE-EQ - Z,Journal Entry,15.045,0,139691.486734
Net settlement for Equity with settlement number: 2026098,2026-05-27,NSE-EQ - Z,Book Voucher,3102.302594,0,136589.18414
Net settlement for Equity with settlement number: 2026099,2026-05-29,NSE-EQ - Z,Book Voucher,18190.091407,0,118399.092733
DP Charges for Sale of METROBRAND on 01/06/2026,2026-06-01,NSE-EQ - Z,Journal Entry,15.045,0,118384.047733
Net settlement for Equity with settlement number: 2026100,2026-06-01,NSE-EQ - Z,Book Voucher,0,10125.485218,128509.532951
Net settlement for Equity with settlement number: 2026101,2026-06-02,NSE-EQ - Z,Book Voucher,11496.741344,0,117012.791607
DP Charges for Sale of TITAN on 03/06/2026,2026-06-03,NSE-EQ - Z,Journal Entry,15.045,0,116997.746607
Net settlement for Equity with settlement number: 2026102,2026-06-03,NSE-EQ - Z,Book Voucher,0,6907.470732,123905.217339
Net settlement for Equity with settlement number: 2026103,2026-06-04,NSE-EQ - Z,Book Voucher,7869.628954,0,116035.588385
Net settlement for Equity with settlement number: 2026104,2026-06-05,NSE-EQ - Z,Book Voucher,63088.918922,0,52946.669463
Net settlement for Equity with settlement number: 2026105,2026-06-08,NSE-EQ - Z,Book Voucher,47793.360161,0,5153.309302
Net settlement for Equity with settlement number: 2026106,2026-06-09,NSE-EQ - Z,Book Voucher,0,46877.675363,52030.984665
DP Charges for Sale of METROBRAND on 09/06/2026,2026-06-09,NSE-EQ - Z,Journal Entry,15.045,0,52015.939665
DP Charges for Sale of INDIGO on 10/06/2026,2026-06-10,NSE-EQ - Z,Journal Entry,15.045,0,52000.894665
DP Charges for Sale of SAFARI on 10/06/2026,2026-06-10,NSE-EQ - Z,Journal Entry,15.045,0,51985.849665
Net settlement for Equity with settlement number: 2026107,2026-06-10,NSE-EQ - Z,Book Voucher,0,35679.256809,87665.106474
Net settlement for Equity with settlement number: 2026108,2026-06-11,NSE-EQ - Z,Book Voucher,19581.24977,0,68083.856704
DP Charges for Sale of SAFARI on 15/06/2026,2026-06-15,NSE-EQ - Z,Journal Entry,15.045,0,68068.811704
Net settlement for Equity with settlement number: 2026110,2026-06-15,NSE-EQ - Z,Book Voucher,20980.171497,0,47088.640207
Net settlement for Equity with settlement number: 2026111,2026-06-16,NSE-EQ - Z,Book Voucher,25957.454866,0,21131.185341
Net settlement for Equity with settlement number: 2026112,2026-06-17,NSE-EQ - Z,Book Voucher,9671.21862,0,11459.966721
DP Charges for Sale of SAFARI on 18/06/2026,2026-06-18,NSE-EQ - Z,Journal Entry,15.045,0,11444.921721
Net settlement for Equity with settlement number: 2026113,2026-06-18,NSE-EQ - Z,Book Voucher,0,3626.657514,15071.579235
Net settlement for Equity with settlement number: 2026114,2026-06-19,NSE-EQ - Z,Book Voucher,13478.715404,0,1592.863831
Net settlement for Equity with settlement number: 2026115,2026-06-22,NSE-EQ - Z,Book Voucher,0,73775.792195,75368.656026
DP Charges for Sale of SAFARI on 22/06/2026,2026-06-22,NSE-EQ - Z,Journal Entry,15.045,0,75353.611026
Net settlement for Equity with settlement number: 2026116,2026-06-23,NSE-EQ - Z,Book Voucher,12679.508169,0,62674.102857
DP Charges for Sale of SILVERBEES on 24/06/2026,2026-06-24,NSE-EQ - Z,Journal Entry,15.045,0,62659.057857
Net settlement for Equity with settlement number: 2026117,2026-06-24,NSE-EQ - Z,Book Voucher,0,198032.365011,260691.422868
Net settlement for Equity with settlement number: 2026118,2026-06-25,NSE-EQ - Z,Book Voucher,7731.300649,0,252960.122219
Net settlement for Equity with settlement number: 2026119,2026-06-29,NSE-EQ - Z,Book Voucher,9494.366559,0,243465.75566
Net settlement for Equity with settlement number: 2026120,2026-06-30,NSE-EQ - Z,Book Voucher,2840.117921,0,240625.637739
Net settlement for Equity with settlement number: 2026121,2026-07-01,NSE-EQ - Z,Book Voucher,7848.805044,0,232776.832695
Net settlement for Equity with settlement number: 2026122,2026-07-02,NSE-EQ - Z,Book Voucher,15752.718965,0,217024.11373
Net settlement for Equity with settlement number: 2026123,2026-07-03,NSE-EQ - Z,Book Voucher,30780.739936,0,186243.373794
Funds auto-settled to the primary bank account  with reference number a98e864c705b9a5fc98e22,2026-07-03,NSE-EQ - Z,Bank Payments,132455.03,0,53788.343794
Net settlement for Equity with settlement number: 2026124,2026-07-06,NSE-EQ - Z,Book Voucher,5190.183711,0,48598.160083
Net settlement for Equity with settlement number: 2026125,2026-07-07,NSE-EQ - Z,Book Voucher,15651.967652,0,32946.192431
Net settlement for Equity with settlement number: 2026126,2026-07-08,NSE-EQ - Z,Book Voucher,17250.276482,0,15695.915949
Net settlement for Equity with settlement number: 2026127,2026-07-09,NSE-EQ - Z,Book Voucher,1309.070727,0,14386.845222
Net settlement for Equity with settlement number: 2026128,2026-07-10,NSE-EQ - Z,Book Voucher,7440.089794,0,6946.755428
Funds added using UPI fromX with reference number 110211481132,2026-07-13,NSE-EQ - Z,Bank Receipts,0,130000,136946.755428
Net settlement for Equity with settlement number: 2026129,2026-07-13,NSE-EQ - Z,Book Voucher,13823.478487,0,123123.276941
DP Charges for Sale of SILVERBEES on 14/07/2026,2026-07-14,NSE-EQ - Z,Journal Entry,15.045,0,123108.231941
Net settlement for Equity with settlement number: 2026130,2026-07-14,NSE-EQ - Z,Book Voucher,0,2138.951216,125247.183157
Net settlement for Equity with settlement number: 2026131,2026-07-15,NSE-EQ - Z,Book Voucher,2512.305659,0,122734.877498
DP Charges for Sale of V2RETAIL on 17/07/2026,2026-07-17,NSE-EQ - Z,Journal Entry,15.045,0,122719.832498
Net settlement for Equity with settlement number: 2026133,2026-07-17,NSE-EQ - Z,Book Voucher,33899.053674,0,88820.778824
AMC for Demat Account for 12-03-2026 to 10-06-2026,2026-07-18,NSE-EQ - Z,Journal Entry,88.5,0,88732.278824
Net settlement for Equity with settlement number: 2026134,2026-07-20,NSE-EQ - Z,Book Voucher,14216.199874,0,74516.07895
Net settlement for Equity with settlement number: 2026135,2026-07-21,NSE-EQ - Z,Book Voucher,3565.245046,0,70950.833904
Net settlement for Equity with settlement number: 2026136,2026-07-22,NSE-EQ - Z,Book Voucher,19349.462053,0,51601.371851
Net settlement for Equity with settlement number: 2026137,2026-07-23,NSE-EQ - Z,Book Voucher,1185.256096,0,50416.115755
DP Charges for Sale of TIPSMUSIC on 24/07/2026,2026-07-24,NSE-EQ - Z,Journal Entry,15.045,0,50401.070755
Net settlement for Equity with settlement number: 2026138,2026-07-24,NSE-EQ - Z,Book Voucher,0,18987.09907,69388.169825
DP Charges for Sale of TIPSMUSIC on 27/07/2026,2026-07-27,NSE-EQ - Z,Journal Entry,15.045,0,69373.124825
Net settlement for Equity with settlement number: 2026139,2026-07-27,NSE-EQ - Z,Book Voucher,0,7760.240853,77133.365678
DP Charges for Sale of GVT&D on 28/07/2026,2026-07-28,NSE-EQ - Z,Journal Entry,15.045,0,77118.320678
Net settlement for Equity with settlement number: 2026140,2026-07-28,NSE-EQ - Z,Book Voucher,0,44773.452716,121891.773394
DP Charges for Sale of JAINREC on 29/07/2026,2026-07-29,NSE-EQ - Z,Journal Entry,15.045,0,121876.728394
Net settlement for Equity with settlement number: 2026141,2026-07-29,NSE-EQ - Z,Book Voucher,0,6329.578517,128206.306911
Net settlement for Equity with settlement number: 2026142,2026-07-30,NSE-EQ - Z,Book Voucher,42838.272628,0,85368.034283
Net settlement for Equity with settlement number: 2026143,2026-07-31,NSE-EQ - Z,Book Voucher,0,14917.929597,100285.96388
DP Charges for Sale of THOMASCOTT on 31/07/2026,2026-07-31,NSE-EQ - Z,Journal Entry,15.045,0,100270.91888
Net settlement for Equity with settlement number: 2026144,2026-08-03,NSE-EQ - Z,Book Voucher,21168.597868,0,79102.321012
Net settlement for Equity with settlement number: 2026145,2026-08-04,NSE-EQ - Z,Book Voucher,13084.064234,0,66018.256778
Net settlement for Equity with settlement number: 2026146,2026-08-05,NSE-EQ - Z,Book Voucher,65378.430904,0,639.825874
Net settlement for Equity with settlement number: 2026147,2026-08-06,NSE-EQ - Z,Book Voucher,0,242056.258932,242696.084806
DP Charges for Sale of TIPSMUSIC on 06/08/2026,2026-08-06,NSE-EQ - Z,Journal Entry,15.045,0,242681.039806
DP Charges for Sale of THOMASCOTT on 06/08/2026,2026-08-06,NSE-EQ - Z,Journal Entry,15.045,0,242665.994806
Net settlement for Equity with settlement number: 2026148,2026-08-07,NSE-EQ - Z,Book Voucher,117934.747003,0,124731.247803
Net settlement for Equity with settlement number: 2026149,2026-08-10,NSE-EQ - Z,Book Voucher,54404.937732,0,70326.310071
Net settlement for Equity with settlement number: 2026150,2026-08-11,NSE-EQ - Z,Book Voucher,69880.895933,0,445.414138
Net settlement for Equity with settlement number: 2026152,2026-08-13,NSE-EQ - Z,Book Voucher,211.139697,0,234.274441
DP Charges for Sale of GVT&D on 17/08/2026,2026-08-17,NSE-EQ - Z,Journal Entry,15.045,0,219.229441
DP Charges for Sale of ZAGGLE on 17/08/2026,2026-08-17,NSE-EQ - Z,Journal Entry,15.045,0,204.184441
Net settlement for Equity with settlement number: 2026154,2026-08-17,NSE-EQ - Z,Book Voucher,0,3012.686534,3216.870975
Net settlement for Equity with settlement number: 2026155,2026-08-18,NSE-EQ - Z,Book Voucher,0,36673.337563,39890.208538
DP Charges for Sale of SILVERBEES on 18/08/2026,2026-08-18,NSE-EQ - Z,Journal Entry,15.045,0,39875.163538
Net settlement for Equity with settlement number: 2026156,2026-08-19,NSE-EQ - Z,Book Voucher,38402.38709,0,1472.776448
Net settlement for Equity with settlement number: 2026157,2026-08-20,NSE-EQ - Z,Book Voucher,1428.076629,0,44.699819
Net settlement for Equity with settlement number: 2026160,2026-08-25,NSE-EQ - Z,Book Voucher,0,40935.226565,40979.926384
DP Charges for Sale of GVT&D on 25/08/2026,2026-08-25,NSE-EQ - Z,Journal Entry,15.045,0,40964.881384
Net settlement for Equity with settlement number: 2026161,2026-08-26,NSE-EQ - Z,Book Voucher,14919.72991,0,26045.151474
Net settlement for Equity with settlement number: 2026162,2026-08-27,NSE-EQ - Z,Book Voucher,24372.619725,0,1672.531749
Net settlement for Equity with settlement number: 2026163,2026-08-28,NSE-EQ - Z,Book Voucher,963.649167,0,708.882582
Net settlement for Equity with settlement number: 2026164,2026-08-31,NSE-EQ - Z,Book Voucher,607.707726,0,101.174856
Funds added using UPI fromX with reference number 516202642446,2026-09-01,NSE-EQ - Z,Bank Receipts,0,25000,25101.174856
Net settlement for Equity with settlement number: 2026165,2026-09-01,NSE-EQ - Z,Book Voucher,11187.98616,0,13913.188696
Net settlement for Equity with settlement number: 2026166,2026-09-02,NSE-EQ - Z,Book Voucher,9497.340343,0,4415.848353
Net settlement for Equity with settlement number: 2026168,2026-09-04,NSE-EQ - Z,Book Voucher,3125.178583,0,1290.66977
Net settlement for Equity with settlement number: 2026169,2026-09-07,NSE-EQ - Z,Book Voucher,1097.326838,0,193.342932
Net settlement for Equity with settlement number: 2026171,2026-09-09,NSE-EQ - Z,Book Voucher,166.369357,0,26.973575
Closing Balance,,,,,,26.973575
